
> @ugc/web@0.0.0 test:e2e /Users/carlosvillu/Developer/__GARBAGE__/UGC_Ads/apps/web
> playwright test

[WebServer] seed: persona «Maya» ← imagen sintética 1638×2048 px (personas/01KYNGMC17ZBHXC8G28FGS197H/01KYNGMC1TSQZ34FF8PYBJ8RDZ.png)
[WebServer] seed: persona «Maya» ← imagen sintética 1638×2048 px (personas/01KYNGMC17ZBHXC8G28FGS197H/01KYNGMC2DMNBYS6F12MW9JJGZ.png)
[WebServer] seed: persona «Maya» ← imagen sintética 1638×2048 px (personas/01KYNGMC17ZBHXC8G28FGS197H/01KYNGMC31B5AMBJPKFCAM8TP9.png)
[WebServer] seed: persona «Lucía (placeholder)» ← imagen sintética 1638×2048 px (personas/01KYNGMC38PY6RY6J5DFS7FHJN/01KYNGMC3QW131PMEGBD0SZ177.png)
[WebServer] seed: persona «Lucía (placeholder)» ← imagen sintética 1638×2048 px (personas/01KYNGMC38PY6RY6J5DFS7FHJN/01KYNGMC49ZBT4M38NRJ839E9J.png)
[WebServer] seed: persona «Marcus (placeholder)» ← imagen sintética 1638×2048 px (personas/01KYNGMC4K0K8TG0BZM62ASQ4S/01KYNGMC535Y9M92AN164Q09BZ.png)
[WebServer] seed: persona «Marcus (placeholder)» ← imagen sintética 1638×2048 px (personas/01KYNGMC4K0K8TG0BZM62ASQ4S/01KYNGMC5VCH42EEWYVKEDB26C.png)
[WebServer] seed: persona «Nerea (placeholder)» ← imagen sintética 1638×2048 px (personas/01KYNGMC68Y5WNCJ66620HP6J5/01KYNGMC6RFNFSJGVZWZSAG83B.png)
[WebServer] seed: persona «Nerea (placeholder)» ← imagen sintética 1638×2048 px (personas/01KYNGMC68Y5WNCJ66620HP6J5/01KYNGMC7A4AHBYV1CHXTTCD7K.png)
[WebServer] seed: persona «Carmen (placeholder)» ← imagen sintética 1638×2048 px (personas/01KYNGMC7GS3J77PNSJNED26V1/01KYNGMC7ZYC42JCM31AS7NPY2.png)
[WebServer] seed: persona «Carmen (placeholder)» ← imagen sintética 1638×2048 px (personas/01KYNGMC7GS3J77PNSJNED26V1/01KYNGMC8KTFYZ3MT3X8712C2N.png)
[WebServer] seed: persona «Alex (placeholder)» ← imagen sintética 1638×2048 px (personas/01KYNGMC8R4SFQTZC95P9Q2F8E/01KYNGMC98907HE2FDA1KNEMCM.png)
[WebServer] seed: persona «Alex (placeholder)» ← imagen sintética 1638×2048 px (personas/01KYNGMC8R4SFQTZC95P9Q2F8E/01KYNGMC9TJFXF98W4RGVA9KV7.png)
[WebServer] seed: persona «Rosa (placeholder)» ← imagen sintética 1638×2048 px (personas/01KYNGMCA3WP0DDCFXGHZF5PX6/01KYNGMCAK73ZXG1FGTAMWJDKE.png)
[WebServer] seed: persona «Rosa (placeholder)» ← imagen sintética 1638×2048 px (personas/01KYNGMCA3WP0DDCFXGHZF5PX6/01KYNGMCB663JAVVDVG19J3KAJ.png)
[WebServer] seed: persona «Priya (placeholder)» ← imagen sintética 1638×2048 px (personas/01KYNGMCBB2GW7FTD87NM7A4ZA/01KYNGMCBVFZ4FBT9CHTK7846W.png)
[WebServer] seed: persona «Priya (placeholder)» ← imagen sintética 1638×2048 px (personas/01KYNGMCBB2GW7FTD87NM7A4ZA/01KYNGMCCMM36M8Q26K1P2Y1HK.png)
[WebServer] seed: persona «David (placeholder)» ← imagen sintética 1638×2048 px (personas/01KYNGMCCV2HB6CZD7FB0ADBK0/01KYNGMCDBEBTDQY2B5JKY2P6E.png)
[WebServer] seed: persona «David (placeholder)» ← imagen sintética 1638×2048 px (personas/01KYNGMCCV2HB6CZD7FB0ADBK0/01KYNGMCDYDTETX2ESZ044K796.png)
[WebServer] seed: persona «Chloe (placeholder)» ← imagen sintética 1638×2048 px (personas/01KYNGMCE9RFNA1J2BKZ9WWAKX/01KYNGMCEW77WR7RHHPG66EDKH.png)
[WebServer] seed: persona «Chloe (placeholder)» ← imagen sintética 1638×2048 px (personas/01KYNGMCE9RFNA1J2BKZ9WWAKX/01KYNGMCFF7X1050F5BZ2G8E40.png)
[WebServer] seed: persona «Kenji (placeholder)» ← imagen sintética 1638×2048 px (personas/01KYNGMCFZHAER4218YNCBY2TY/01KYNGMCGJE5AQ3HAZ5YGP87N0.png)
[WebServer] seed: persona «Kenji (placeholder)» ← imagen sintética 1638×2048 px (personas/01KYNGMCFZHAER4218YNCBY2TY/01KYNGMCH6XFA7VVFH5QHGV2E5.png)
[WebServer] [e2e-stack] next build (modo producción)…
[WebServer] ▲ Next.js 16.2.10 (Turbopack)
[WebServer] 
[WebServer]   Creating an optimized production build ...
[WebServer] ✓ Compiled successfully in 7.2s
[WebServer]   Running TypeScript ...
[WebServer]   Finished TypeScript in 9.7s ...
[WebServer]   Collecting page data using 9 workers ...
[WebServer]   Generating static pages using 9 workers (0/4) ...
[WebServer]   Generating static pages using 9 workers (1/4) 
[WebServer]   Generating static pages using 9 workers (2/4) 
[WebServer]   Generating static pages using 9 workers (3/4) 
[WebServer] ✓ Generating static pages using 9 workers (4/4) in 101ms
[WebServer]   Finalizing page optimization ...
[WebServer] 
[WebServer] Route (app)
[WebServer] ┌ ƒ /
[WebServer] ├ ƒ /_not-found
[WebServer] ├ ƒ /analyses/[id]
[WebServer] ├ ƒ /analyses/new
[WebServer] ├ ƒ /api/analyses
[WebServer] ├ ƒ /api/assets
[WebServer] ├ ƒ /api/assets/[id]/download
[WebServer] ├ ƒ /api/batches/[id]/scripts
[WebServer] ├ ƒ /api/batches/estimate
[WebServer] ├ ƒ /api/briefs/[id]
[WebServer] ├ ƒ /api/dashboard
[WebServer] ├ ƒ /api/health
[WebServer] ├ ƒ /api/library
[WebServer] ├ ƒ /api/login
[WebServer] ├ ƒ /api/personas
[WebServer] ├ ƒ /api/personas/[id]
[WebServer] ├ ƒ /api/personas/[id]/reference-images
[WebServer] ├ ƒ /api/personas/[id]/reference-images/[assetId]
[WebServer] ├ ƒ /api/personas/[id]/reference-images/generate
[WebServer] ├ ƒ /api/personas/[id]/voice-preview
[WebServer] ├ ƒ /api/personas/candidates
[WebServer] ├ ƒ /api/projects
[WebServer] ├ ƒ /api/projects/[id]
[WebServer] ├ ƒ /api/runs
[WebServer] ├ ƒ /api/runs/[id]
[WebServer] ├ ƒ /api/runs/[id]/cancel
[WebServer] ├ ƒ /api/runs/[id]/events
[WebServer] ├ ƒ /api/settings
[WebServer] ├ ƒ /api/spend
[WebServer] ├ ƒ /api/steps/[id]
[WebServer] ├ ƒ /api/steps/[id]/approve
[WebServer] ├ ƒ /api/steps/[id]/edit
[WebServer] ├ ƒ /api/steps/[id]/regenerate
[WebServer] ├ ƒ /api/steps/[id]/reject
[WebServer] ├ ƒ /api/steps/[id]/retry
[WebServer] ├ ƒ /api/steps/[id]/skip
[WebServer] ├ ƒ /api/templates
[WebServer] ├ ƒ /api/templates/[id]
[WebServer] ├ ƒ /api/templates/[id]/status
[WebServer] ├ ƒ /api/templates/[id]/test
[WebServer] ├ ƒ /api/templates/[id]/thumbnail
[WebServer] ├ ƒ /api/thumbnails
[WebServer] ├ ƒ /api/variants/[id]
[WebServer] ├ ƒ /api/variants/[id]/bundle
[WebServer] ├ ƒ /api/variants/[id]/lineage
[WebServer] ├ ƒ /api/webhooks/fal
[WebServer] ├ ƒ /design-system
[WebServer] ├ ƒ /gallery
[WebServer] ├ ƒ /library
[WebServer] ├ ƒ /login
[WebServer] ├ ƒ /personas
[WebServer] ├ ƒ /projects
[WebServer] ├ ƒ /projects/[id]
[WebServer] ├ ƒ /runs
[WebServer] ├ ƒ /runs/[id]
[WebServer] ├ ƒ /settings
[WebServer] └ ƒ /spend
[WebServer] 
[WebServer] 
[WebServer] ƒ Proxy (Middleware)
[WebServer] 
[WebServer] ƒ  (Dynamic)  server-rendered on demand
[WebServer] 
[WebServer] ▲ Next.js 16.2.10
[WebServer] - Local:         http://localhost:3100
[WebServer] - Network:       http://192.168.1.132:3100
[WebServer] ✓ Ready in 129ms
[WebServer] {"level":30,"time":1785281019363,"pid":91663,"hostname":"MBP-de-Carlos","name":"web","phase":"startup","msg":"running startup migrations"}
[WebServer] {"level":30,"time":1785281019415,"pid":91663,"hostname":"MBP-de-Carlos","name":"web","phase":"startup","msg":"startup migrations applied"}
[WebServer] {"level":30,"time":1785281019467,"pid":91663,"hostname":"MBP-de-Carlos","name":"web","phase":"startup","seeded":true,"msg":"auth.password_hash sembrado (first boot)"}
[WebServer] {"level":30,"time":1785281019477,"pid":91663,"hostname":"MBP-de-Carlos","name":"web","phase":"startup","msg":"sembrando datos de referencia (T3.9)"}
[WebServer] {"level":30,"time":1785281019540,"pid":91663,"hostname":"MBP-de-Carlos","name":"web","phase":"startup","hookLines":80,"ctaLines":30,"recipes":3,"msg":"librería sembrada o ya presente (insert-only)"}
[WebServer] {"level":30,"time":1785281019638,"pid":91663,"hostname":"MBP-de-Carlos","name":"web","phase":"startup","templates":56,"guardPacks":10,"modelProfiles":18,"msg":"galería sembrada o ya presente (insert-only)"}
[WebServer] {"level":30,"time":1785281019786,"pid":91663,"hostname":"MBP-de-Carlos","name":"web","phase":"startup","personas":11,"imagesCreated":0,"imagesFailed":0,"msg":"personas sembradas o ya presentes"}
[WebServer] {"level":30,"time":1785281020088,"pid":91674,"hostname":"MBP-de-Carlos","name":"worker","intervalMs":5000,"generationReconcile":true,"msg":"sweeper arrancado"}
[WebServer] {"level":30,"time":1785281020088,"pid":91674,"hostname":"MBP-de-Carlos","name":"worker","queue":"demo.noop","msg":"pg-boss arrancado: colas y consumers listos"}
[WebServer] {"level":30,"time":1785281020088,"pid":91674,"hostname":"MBP-de-Carlos","name":"worker","health":{"ok":true,"db":true},"msg":"worker ready"}
[WebServer] {"level":30,"time":1785281019786,"pid":91663,"hostname":"MBP-de-Carlos","name":"web","phase":"startup","msg":"datos de referencia sembrados (T3.9)"}

Running 89 tests using 5 workers

  ✓   1 [setup] › e2e/auth.setup.ts:10:1 › login y persistir sesión (718ms)
  ✓   4 [chromium] › e2e/auth.spec.ts:19:5 › auth single-user (T0.4) › sin sesión › acceder a / sin sesión redirige a /login @f0 (361ms)
[WebServer] {"level":30,"time":1785281023340,"pid":91663,"hostname":"MBP-de-Carlos","name":"web","request_id":"cd1f2a14-0e3f-4927-9872-e42e62f85c5e","analysis_id":"01KYNGN3A2RXAZ0H75F58D3MS2","project_id":"01KYNGN2PCHP4CNVZW600RAVD8","reused":false,"source":"manual","msg":"intake manual creado"}
  ✓   5 [chromium] › e2e/auth.spec.ts:34:5 › auth single-user (T0.4) › rate limit › password incorrecto 3 veces muestra el aviso de rate limit @f0 (819ms)
[WebServer] {"level":30,"time":1785281023964,"pid":91663,"hostname":"MBP-de-Carlos","name":"web","request_id":"67483fe7-cf79-4307-a024-32f82369cac1","run_id":"01KYNGN3PP0M41ABY92X589WFK","steps":4,"msg":"run creado"}
[WebServer] {"level":30,"time":1785281024031,"pid":91663,"hostname":"MBP-de-Carlos","name":"web","request_id":"210c3aeb-48d8-4d54-ada5-d211266173c2","run_id":"01KYNGN3PPKH0H53F0CGCA7VKH","steps":4,"msg":"run creado"}
  ✓   8 [chromium] › e2e/assets-download.spec.ts:78:5 › descarga proxificada de assets (T0.5) › sin sesión › devuelve 401 sin exponer la ruta de storage @f0 (322ms)
  ✓   7 [chromium] › e2e/assets-download.spec.ts:54:3 › descarga proxificada de assets (T0.5) › con sesión: descarga el stream y el checksum coincide @f0 (353ms)
  ✓   6 [chromium] › e2e/auth.spec.ts:68:5 › auth single-user (T0.4) › login correcto › password correcto entra a / y la sesión sobrevive a un reload @f0 (890ms)
[WebServer] {"level":30,"time":1785281025632,"pid":91663,"hostname":"MBP-de-Carlos","name":"web","request_id":"900638e3-44a4-44df-8fde-7d4f1b07723e","run_id":"01KYNGN544W56D93F99SS8JV49","steps":4,"msg":"run creado"}
[WebServer] {"level":30,"time":1785281025689,"pid":91663,"hostname":"MBP-de-Carlos","name":"web","request_id":"ee9450b9-4a50-4948-ab2a-7f964d75bfdb","run_id":"01KYNGN5BSZ2ZF1JVQR1DHS638","steps":4,"msg":"run creado"}
[WebServer] {"level":30,"time":1785281026295,"pid":91663,"hostname":"MBP-de-Carlos","name":"web","request_id":"a5064dc7-cdc8-440a-bec9-58bf5a85156b","run_id":"01KYNGN64DPVS1WFFX6FG5MSJF","steps":4,"msg":"run creado"}
  ✓   2 [chromium] › e2e/analysis-pipeline.spec.ts:70:3 › pipeline de análisis N1→N2→N3 (T1.10a) › texto libre SIN imágenes: N2 aparece `skipped` en el grafo y el run completa @f1 (5.0s)
[WebServer] {"level":30,"time":1785281027517,"pid":91663,"hostname":"MBP-de-Carlos","name":"web","request_id":"fdec1dd4-9c4c-4ed3-8fe5-e8ea8621b04c","step_id":"01KYNGN3PPVNMX3W9EPT6BYWBE","msg":"checkpoint aprobado"}
[WebServer] {"level":30,"time":1785281028093,"pid":91663,"hostname":"MBP-de-Carlos","name":"web","request_id":"92032cab-f5f1-4d71-ad72-0955d2faeb02","step_id":"01KYNGN543EX13HZRZHYCZVC57","msg":"checkpoint aprobado"}
  ✓   3 [chromium] › e2e/analysis-pipeline.spec.ts:30:3 › pipeline de análisis N1→N2→N3 (T1.10a) › intake por URL: los nodos progresan en vivo y el brief aparece como output de N3 @f1 (5.7s)
[WebServer] {"level":30,"time":1785281028193,"pid":91663,"hostname":"MBP-de-Carlos","name":"web","request_id":"41f71994-0ed5-4062-9ee7-d40bbf455c13","step_id":"01KYNGN5BSCMKEWWY0MS22CEZK","msg":"checkpoint aprobado"}
  ✓  10 [chromium] › e2e/batch-matrix.spec.ts:127:3 › CP2 · matriz y confirmación de gasto (T2.3) › el selector muestra las personas COMPATIBLES con el segmento del brief @f2 (4.4s)
[WebServer] {"level":30,"time":1785281029225,"pid":91663,"hostname":"MBP-de-Carlos","name":"web","request_id":"e07269b2-0995-49a0-98b3-e4bd04053024","run_id":"01KYNGN8T8EW9ECXWQS2HW7ERP","steps":4,"msg":"run creado"}
[WebServer] {"level":30,"time":1785281029526,"pid":91663,"hostname":"MBP-de-Carlos","name":"web","request_id":"76403503-779c-4821-ae13-5569a55d3487","step_id":"01KYNGN64CZAE62PHKJYAA4TE7","msg":"checkpoint aprobado"}
  ✓   9 [chromium] › e2e/batch-matrix.spec.ts:100:3 › CP2 · matriz y confirmación de gasto (T2.3) › cambiar el tier de Test a Standard actualiza el coste AL VUELO (sin recargar) @f2 @checkpoint (4.8s)
[WebServer] {"level":30,"time":1785281029755,"pid":91663,"hostname":"MBP-de-Carlos","name":"web","request_id":"b5f6ba32-1a52-4c34-9d5c-c70422b98dd7","run_id":"01KYNGN9F7KNB5TRJSDZKJHVB9","steps":4,"msg":"run creado"}
[WebServer] {"level":30,"time":1785281030154,"pid":91663,"hostname":"MBP-de-Carlos","name":"web","request_id":"f5e18c80-2961-4792-ba4f-3ed9e6a03db8","analysis_id":"01KYNGN3A2RXAZ0H75F58D3MS2","project_id":"01KYNGN2PCHP4CNVZW600RAVD8","reused":true,"source":"manual","msg":"intake manual reutilizado (caché)"}
[WebServer] {"level":30,"time":1785281030370,"pid":91663,"hostname":"MBP-de-Carlos","name":"web","request_id":"2986cbb1-79ac-419d-a982-82693e9e36d7","run_id":"01KYNGNA0R69GA3R07QANSTQV3","steps":4,"msg":"run creado"}
  ✓  11 [chromium] › e2e/batch-matrix.spec.ts:159:3 › CP2 · matriz y confirmación de gasto (T2.3) › seleccionar ángulos e idiomas mueve el número de variantes de la matriz @f2 (5.0s)
[WebServer] {"level":30,"time":1785281030917,"pid":91663,"hostname":"MBP-de-Carlos","name":"web","request_id":"c7fa93b4-371e-42f2-9a3e-f3bd4f1b8605","run_id":"01KYNGNAM5H1VB9Z0Y7XXCVR21","steps":4,"msg":"run creado"}
[WebServer] {"level":30,"time":1785281031775,"pid":91663,"hostname":"MBP-de-Carlos","name":"web","request_id":"69f150f0-4e05-4059-8014-d09df4652358","step_id":"01KYNGN8T8P5PEHDKV96AEP10B","msg":"checkpoint aprobado"}
  ✓  13 [chromium] › e2e/brief-editor.spec.ts:64:3 › CP1 · editor de brief (T1.10b) › el hook demasiado largo de la IA se AVISA en CP1 y NO bloquea la aprobación @f1 (2.8s)
[WebServer] {"level":30,"time":1785281032374,"pid":91663,"hostname":"MBP-de-Carlos","name":"web","request_id":"a79dc2ec-bc2c-4795-9d4c-9dd3ce60bbf8","run_id":"01KYNGNBWKJ74CR7ZGBXC45QHM","steps":4,"msg":"run creado"}
[WebServer] {"level":30,"time":1785281032681,"pid":91663,"hostname":"MBP-de-Carlos","name":"web","request_id":"610977fd-cf1c-4c1f-a945-5371e4d9494d","run_id":"01KYNGNC65RQ707B828Q31NKFP","steps":4,"msg":"run creado"}
[WebServer] {"level":30,"time":1785281033106,"pid":91663,"hostname":"MBP-de-Carlos","name":"web","request_id":"561c3ae0-741b-4cb3-8026-a63449668132","step_id":"01KYNGNA0R35BDZMSZZKNT5SXN","decision_kind":"brief","msg":"checkpoint aprobado"}
  ✓  15 [chromium] › e2e/brief-editor.spec.ts:40:3 › CP1 · editor de brief (T1.10b) › los campos extraídos muestran su badge Y SU CITA; los inferidos, badge sin cita @f1 (3.3s)
[WebServer] (node:91663) DeprecationWarning: Calling client.query() when the client is already executing a query is deprecated and will be removed in pg@9.0. Use async/await or an external async flow control mechanism instead.
[WebServer] (Use `node --trace-deprecation ...` to show where the warning was created)
[WebServer] {"level":30,"time":1785281034266,"pid":91663,"hostname":"MBP-de-Carlos","name":"web","request_id":"11483757-3462-4d9a-97bf-4b50bf8c763c","run_id":"01KYNGNDRRGXQZERRK8TA52GMW","steps":4,"msg":"run creado"}
[WebServer] {"level":30,"time":1785281034530,"pid":91663,"hostname":"MBP-de-Carlos","name":"web","request_id":"41cd0df8-c5ba-407c-b7e3-a409a219a6bf","step_id":"01KYNGN8T8FACGG1G7RKKYP791","decision_kind":"matrix","next_run_id":"01KYNGNE1DSMMCA3ETWXSPDNK4","msg":"checkpoint aprobado"}
[WebServer] {"level":30,"time":1785281034706,"pid":91663,"hostname":"MBP-de-Carlos","name":"web","request_id":"3982c2b0-5ed4-4e33-bbdf-1ad91fb99db4","url":"http://127.0.0.1:53942/img/forbidden/next-image.png","status":403,"msg":"thumbnail_upstream_not_ok"}
  ✓  14 [chromium] › e2e/brief-editor.spec.ts:80:3 › CP1 · editor de brief (T1.10b) › modo manual SIN imágenes: la petición BLOQUEANTE de imágenes con su derivación a packshot-IA @f1 (5.1s)
  ✓  12 [chromium] › e2e/batch-matrix.spec.ts:182:3 › CP2 · matriz y confirmación de gasto (T2.3) › confirmar crea EXACTAMENTE las variantes de la matriz, con `filename_code` únicos @f2 @checkpoint (6.4s)
[WebServer] {"level":30,"time":1785281034932,"pid":91663,"hostname":"MBP-de-Carlos","name":"web","request_id":"5f77a6ce-0d3c-4f38-8a0e-6d58cafd621b","url":"http://127.0.0.1:53942/img/forbidden/next-image.png","status":403,"msg":"thumbnail_upstream_not_ok"}
[WebServer] {"level":30,"time":1785281035354,"pid":91663,"hostname":"MBP-de-Carlos","name":"web","request_id":"05c6339b-d263-41e7-a491-9daee8e56af3","run_id":"01KYNGNEWBQJCHMNF08CDK0B5K","steps":4,"msg":"run creado"}
[WebServer] {"level":30,"time":1785281035972,"pid":91663,"hostname":"MBP-de-Carlos","name":"web","request_id":"bc214b7f-7ec3-4543-a81f-29dc0a9fa64d","step_id":"01KYNGNBWK77HHB2ZEPW5EV46F","decision_kind":"brief","msg":"checkpoint editado + sub-grafo invalidado"}
[WebServer] {"level":30,"time":1785281036254,"pid":91663,"hostname":"MBP-de-Carlos","name":"web","request_id":"1100f0f8-5675-40e3-8f2f-df8dabe2a300","step_id":"01KYNGNC65G20VFZDSZD5XT7K3","decision_kind":"brief","msg":"checkpoint editado + sub-grafo invalidado"}
  ✓  16 [chromium] › e2e/brief-editor.spec.ts:132:3 › CP1 · editor de brief (T1.10b) › T1.15 · URL de web de servicio SIN hero: el run NO muere, CP1 ofrece las 3 salidas y se promueve una imagen @f1 (4.9s)
[WebServer] {"level":30,"time":1785281036627,"pid":91663,"hostname":"MBP-de-Carlos","name":"web","request_id":"772a5a38-384c-48ee-81ba-de8111f98c44","project_id":"01KYNGNG9XC7ZZC7T4AJC55GEP","msg":"proyecto creado"}
[WebServer] {"level":30,"time":1785281036795,"pid":91663,"hostname":"MBP-de-Carlos","name":"web","request_id":"918054a7-781f-43e4-bc63-a20b2bd2fa36","step_id":"01KYNGNDRRS4F7X9YV0GE5NSEX","msg":"checkpoint editado + sub-grafo invalidado"}
  ✓  17 [chromium] › e2e/brief-editor.spec.ts:232:3 › CP1 · editor de brief (T1.10b) › T1.18 · una candidata que el SERVIDOR no puede descargar NO se ofrece (y la promovible sí funciona) @f1 (5.2s)
[WebServer] {"level":30,"time":1785281037140,"pid":91663,"hostname":"MBP-de-Carlos","name":"web","request_id":"7ddf8425-2dbd-4592-abc2-dc644a65c4be","project_id":"01KYNGNGT1T8B3N76MVJJSMGY7","msg":"proyecto creado"}
[WebServer] {"level":30,"time":1785281037141,"pid":91663,"hostname":"MBP-de-Carlos","name":"web","request_id":"28adf3a0-2f46-4d3b-b6d3-18f90399b2d8","project_id":"01KYNGNG9XC7ZZC7T4AJC55GEP","msg":"proyecto actualizado"}
  ✓  18 [chromium] › e2e/brief-editor.spec.ts:302:3 › CP1 · editor de brief (T1.10b) › editar un beneficio y un hook, guardar → el brief se versiona (v2) y el run avanza @f1 (3.7s)
[WebServer] {"level":30,"time":1785281037460,"pid":91663,"hostname":"MBP-de-Carlos","name":"web","request_id":"aed180a5-d2d8-4f72-b5a0-5dcd452b04bc","step_id":"01KYNGNEWBWNCYZMKMT4AH6ASW","msg":"checkpoint aprobado"}
[WebServer] {"level":30,"time":1785281037686,"pid":91663,"hostname":"MBP-de-Carlos","name":"web","request_id":"4bd551f4-7ffa-4b35-9446-7d1b91589946","project_id":"01KYNGNG9XC7ZZC7T4AJC55GEP","msg":"proyecto actualizado"}
  ✓  21 [chromium] › e2e/dashboard.spec.ts:174:3 › dashboard y vista de proyecto (T5.10) › ARCHIVAR que FALLA: superficie el error en el diálogo y NO oculta el proyecto (regla 5a) (1.1s)
  ✓  22 [chromium] › e2e/dashboard.spec.ts:216:3 › dashboard y vista de proyecto (T5.10) › el dashboard muestra el lote activo del proyecto y KPIs reales (729ms)
[WebServer] {"level":30,"time":1785281037956,"pid":91663,"hostname":"MBP-de-Carlos","name":"web","request_id":"c22572cb-5ce8-4594-b7f6-b4cc7d2ebf93","brief_id":"01KYNGNHHEYK2Y7C9WREC410PY","previous_brief_id":"01KYNGNG6ZX5M732YEDSDVKEEX","url_analysis_id":"01KYNGNFE7Q2HVCYFDBH4QD8MF","version":2,"msg":"brief editado fuera de run: versión nueva"}
  ✓  23 [chromium] › e2e/dashboard.spec.ts:242:3 › dashboard y vista de proyecto (T5.10) › /projects/[id] lista briefs y variantes con estados correctos y gasto exacto (817ms)
  ✓  19 [chromium] › e2e/brief-editor.spec.ts:337:3 › CP1 · versionado standalone del brief (Apéndice E) › PATCH /api/briefs/:id fuera del run crea una versión nueva (el v1 de la IA sigue intacto) @f1 (3.5s)
  ✓  20 [chromium] › e2e/dashboard.spec.ts:126:3 › dashboard y vista de proyecto (T5.10) › CRUD mínimo de proyecto desde la UI: crear → editar → archivar (2.4s)
[WebServer] {"level":30,"time":1785281041117,"pid":91663,"hostname":"MBP-de-Carlos","name":"web","request_id":"d69b2153-47fc-4de5-a7d0-ab1eb9c12fe2","project_id":"01KYNGNK2F3AX9BHBGK62T0PBB","msg":"proyecto creado"}
  ✓  25 [chromium] › e2e/design-system.spec.ts:12:3 › design system (FD backfill) › /design-system abre y muestra los tres switchers @f0 (3.8s)
  ✓  26 [chromium] › e2e/design-system.spec.ts:19:3 › design system (FD backfill) › el switcher de tema estampa data-theme=light y vuelve a dark @f0 (3.6s)
  ✓  27 [chromium] › e2e/design-system.spec.ts:35:3 › design system (FD backfill) › el switcher de acento estampa data-accent y vuelve a indigo @f0 (3.5s)
  ✓  28 [chromium] › e2e/design-system.spec.ts:50:3 › design system (FD backfill) › el switcher de densidad estampa data-density y vuelve a balanced @f0 (3.7s)
  ✓  24 [chromium] › e2e/dashboard.spec.ts:281:3 › dashboard y vista de proyecto (T5.10) › CONTROL NEGATIVO: un proyecto sin lotes muestra empty-state, no un lote falso (5.6s)
[WebServer] {"level":30,"time":1785281043518,"pid":91663,"hostname":"MBP-de-Carlos","name":"web","request_id":"16279ed8-2a79-4a36-92eb-aa893733ab3b","event":"fal_generation_finalized","generationId":"01KYNGNPDZM4F5VDEQQNY85F86","assetId":"01KYNGNPVKM1NB1Z237CNN5KX4","costCents":1,"msg":"generación finalizada: output descargado, coste registrado, completed"}
[WebServer] {"level":30,"time":1785281043534,"pid":91663,"hostname":"MBP-de-Carlos","name":"web","request_id":"16279ed8-2a79-4a36-92eb-aa893733ab3b","event":"template_thumbnail_generated","templateId":"01KYNGNNDPFE55EBPXXGAZV0MV","assetId":"01KYNGNPVKM1NB1Z237CNN5KX4","msg":"thumbnail de template generado y asociado"}
  ✓  32 [chromium] › e2e/gallery.spec.ts:44:3 › /gallery — galería de templates (T3.8) › filtros combinados (2 facetas) devuelven exactamente los templates que casan ambas @f3 (1.7s)
[WebServer] {"level":30,"time":1785281043694,"pid":91663,"hostname":"MBP-de-Carlos","name":"web","request_id":"9e5f83a5-9066-4ef2-b2ce-cdcfd49366e6","event":"persona_base_portrait_generated","generationId":"01KYNGNQ0FWK1DSDARS0Z5C1SK","costCents":1,"msg":"retrato base de persona generado y subido a fal storage"}
[WebServer] {"level":30,"time":1785281044203,"pid":91663,"hostname":"MBP-de-Carlos","name":"web","request_id":"f85e559d-0186-49ea-9585-be0122f7725c","event":"fal_generation_finalized","generationId":"01KYNGNQ5A9FG5CST226A45KJX","assetId":"01KYNGNQBA0CYY5SMT4SJKJW5Z","costCents":1,"msg":"generación finalizada: output descargado, coste registrado, completed"}
[WebServer] {"level":30,"time":1785281044203,"pid":91663,"hostname":"MBP-de-Carlos","name":"web","request_id":"f85e559d-0186-49ea-9585-be0122f7725c","event":"template_test_generated","generationId":"01KYNGNQ5A9FG5CST226A45KJX","assetId":"01KYNGNQBA0CYY5SMT4SJKJW5Z","costCents":1,"msg":"imagen de prueba de template generada"}
  ✓  34 [chromium] › e2e/intake-manual.spec.ts:73:3 › intake manual por texto libre (T1.6) › validación visible: un texto demasiado corto muestra error y no navega @f1 (713ms)
[WebServer] {"level":30,"time":1785281044527,"pid":91663,"hostname":"MBP-de-Carlos","name":"web","request_id":"9e5f83a5-9066-4ef2-b2ce-cdcfd49366e6","event":"persona_reference_image_generated","generationId":"01KYNGNQ7F0GKHV0RVYFNCWPZS","assetId":"01KYNGNQB68DD6J4P91M7J3QKY","framingId":"frontal_headshot","width":1536,"height":2752,"costCents":8,"msg":"reference-image IA de persona generada, validada ≥2K y añadida"}
[WebServer] {"level":30,"time":1785281044652,"pid":91663,"hostname":"MBP-de-Carlos","name":"web","request_id":"9e5f83a5-9066-4ef2-b2ce-cdcfd49366e6","event":"persona_reference_image_generated","generationId":"01KYNGNR1F4F3W36MRQHRSS5P0","assetId":"01KYNGNR1V6DAKGTF10PJ8BRJJ","framingId":"three_quarter_portrait","width":1536,"height":2752,"costCents":8,"msg":"reference-image IA de persona generada, validada ≥2K y añadida"}
  ✓  31 [chromium] › e2e/gallery-generation.spec.ts:160:3 › Generación de galería (T4.12 pase A) — fal fake, $0 › probar template: el botón de la ficha genera una imagen de prueba con coste visible en /spend @f4 @gallery (3.0s)
  ✓  33 [chromium] › e2e/gallery.spec.ts:99:3 › /gallery — galería de templates (T3.8) › ficha: slots resaltados, validación en vivo de slot inválido, y crear v2 con diff visible @f3 (1.6s)
[WebServer] {"level":30,"time":1785281044985,"pid":91663,"hostname":"MBP-de-Carlos","name":"web","request_id":"0be6fe21-9874-4707-bbc0-c29b6eca1034","analysis_id":"01KYNGNRDQJCDRW06Y5B10YSRD","project_id":"01KYNGN2PCHP4CNVZW600RAVD8","reused":false,"source":"manual","msg":"intake manual creado"}
  ✓  29 [chromium] › e2e/gallery-generation.spec.ts:94:3 › Generación de galería (T4.12 pase A) — fal fake, $0 › thumbnail: un template sin thumbnail NO se publica; con thumbnail generado, sí @f4 @gallery (3.7s)
[WebServer] {"level":30,"time":1785281045343,"pid":91674,"hostname":"MBP-de-Carlos","name":"worker","event":"reconcile_generation","generation_id":"01KYNGNR5CJM8FFWHRBJ04QHSP","generation_id":"01KYNGNR5CJM8FFWHRBJ04QHSP","msg":"reconcile: la fila cambió de estado (otro actor la reconcilió) entre el listado y el write; no-op seguro"}
[WebServer] {"level":30,"time":1785281045343,"pid":91663,"hostname":"MBP-de-Carlos","name":"web","request_id":"9e5f83a5-9066-4ef2-b2ce-cdcfd49366e6","event":"persona_reference_image_generated","generationId":"01KYNGNR5CJM8FFWHRBJ04QHSP","assetId":"01KYNGNR98CH8VSKMG3R5DRFH2","framingId":"full_body","width":1536,"height":2752,"costCents":8,"msg":"reference-image IA de persona generada, validada ≥2K y añadida"}
[WebServer] {"level":30,"time":1785281045343,"pid":91674,"hostname":"MBP-de-Carlos","name":"worker","enqueued":0,"expired":0,"stillProcessing":0,"noop":1,"errored":0,"total":1,"msg":"sweep-generations: barrido de reconciliación completado"}
[WebServer] {"level":30,"time":1785281045347,"pid":91663,"hostname":"MBP-de-Carlos","name":"web","request_id":"9e5f83a5-9066-4ef2-b2ce-cdcfd49366e6","event":"persona_images_generated","personaId":"01KYNGNPCDFMBF56C1XR7ZE69H","count":3,"costCents":25,"msg":"reference-images IA de persona generadas"}
[WebServer] {"level":30,"time":1785281045660,"pid":91663,"hostname":"MBP-de-Carlos","name":"web","request_id":"15d49e5e-55d9-431e-98f5-28291d6f7cdb","analysis_id":"01KYNGNS2RAY5PM6BC81ZRE42E","project_id":"01KYNGN2PCHP4CNVZW600RAVD8","reused":false,"source":"manual","msg":"intake manual creado"}
[WebServer] {"level":30,"time":1785281045717,"pid":91663,"hostname":"MBP-de-Carlos","name":"web","request_id":"7457b606-2002-4c76-998c-3a224f8f90b3","analysis_id":"01KYNGNS30WA2NTBV1EQEBNSDC","project_id":"01KYNGN2PCHP4CNVZW600RAVD8","reused":false,"source":"manual","msg":"intake manual creado"}
[WebServer] {"level":30,"time":1785281045798,"pid":91663,"hostname":"MBP-de-Carlos","name":"web","request_id":"8d2f752e-0505-46c4-9c97-0491547676cc","run_id":"01KYNGNRG7W8K9DY4749R0BKAE","steps":4,"msg":"run creado"}
[WebServer] {"level":30,"time":1785281046029,"pid":91663,"hostname":"MBP-de-Carlos","name":"web","request_id":"df5b9284-e5a3-4ad9-9df9-26c5a7625e35","run_id":"01KYNGNS50QRY2G071HX52QBT4","steps":4,"msg":"run creado"}
  ✓  30 [chromium] › e2e/gallery-generation.spec.ts:227:3 › Generación de galería (T4.12 pase A) — fal fake, $0 › generar variación: el botón de la ficha genera reference-images IA con coste visible @f4 @gallery (4.3s)
[WebServer] {"level":30,"time":1785281046146,"pid":91663,"hostname":"MBP-de-Carlos","name":"web","request_id":"c7033329-f9c1-455c-8fb7-5cb273f54d33","run_id":"01KYNGNS6TJ9SD6CACC3PEMX72","steps":4,"msg":"run creado"}
  ✓  35 [chromium] › e2e/intake-manual.spec.ts:88:3 › intake manual por texto libre (T1.6) › envío SÓLO texto (sin imágenes) crea el análisis manual en `done` y arranca su pipeline @f1 (2.0s)
  ✓  36 [chromium] › e2e/intake-manual.spec.ts:115:3 › intake manual por texto libre (T1.6) › envío CON imágenes (fixtures locales) adjunta las referencias al análisis @f1 (1.9s)
[WebServer] {"level":30,"time":1785281046770,"pid":91663,"hostname":"MBP-de-Carlos","name":"web","request_id":"c47b187e-74a1-467e-b8a0-11e2f552abf2","analysis_id":"01KYNGNS30WA2NTBV1EQEBNSDC","project_id":"01KYNGN2PCHP4CNVZW600RAVD8","reused":true,"source":"manual","msg":"intake manual reutilizado (caché)"}
[WebServer] {"level":30,"time":1785281046900,"pid":91663,"hostname":"MBP-de-Carlos","name":"web","request_id":"177d9a4d-2f3c-4c38-9f90-99c9d86251a8","run_id":"01KYNGNT7V3F4C7MRSK8C99A63","steps":4,"msg":"run creado"}
  ✓  38 [chromium] › e2e/library.spec.ts:204:3 › biblioteca de vídeos /library (T5.7) › lista, preview, linaje hasta hook/template, y descarga del bundle con checksum (1.6s)
  ✓  41 [chromium] › e2e/library.spec.ts:371:3 › biblioteca de vídeos /library (T5.7) › la versión sin bed responde 409 cuando no está materializada (398ms)
  ✓  39 [chromium] › e2e/library.spec.ts:268:3 › biblioteca de vídeos /library (T5.7) › caso DUAL con/sin bed: dos versiones del MISMO máster, mismo stream de vídeo, audio_source distinto (1.1s)
  ✓  37 [chromium] › e2e/intake-manual.spec.ts:143:3 › intake manual por texto libre (T1.6) › reutilización observable: reenviar el MISMO texto reutiliza el MISMO análisis (caché §7.4) @f1 (2.3s)
  ✓  43 [chromium] › e2e/navigation.spec.ts:36:5 › base URL del fetch de servidor y navegación global (T1.13) › /spend renderiza sirviendo en un puerto distinto del 3000 y sin INTERNAL_API_URL @f1 (381ms)
  ✓  44 [chromium] › e2e/navigation.spec.ts:36:5 › base URL del fetch de servidor y navegación global (T1.13) › /settings renderiza sirviendo en un puerto distinto del 3000 y sin INTERNAL_API_URL @f1 (765ms)
  ✓  40 [chromium] › e2e/library.spec.ts:327:3 › biblioteca de vídeos /library (T5.7) › los filtros re-consultan la lista (idioma) (2.1s)
[WebServer] {"level":30,"time":1785281048643,"pid":91663,"hostname":"MBP-de-Carlos","name":"web","request_id":"40067c51-9d62-41c6-9dd3-8f851ad12c15","run_id":"01KYNGNVR8ECNB4PC5JQDS43TY","steps":6,"msg":"run creado"}
  ✓  48 [chromium] › e2e/navigation.spec.ts:189:3 › base URL del fetch de servidor y navegación global (T1.13) › /login NO lleva la nav global (aún no hay sesión que navegar) @f1 (637ms)
  ✓  46 [chromium] › e2e/navigation.spec.ts:84:3 › base URL del fetch de servidor y navegación global (T1.13) › la nav global muestra los 8 destinos; los de fases futuras, deshabilitados @f1 (1.8s)
  ✓  47 [chromium] › e2e/navigation.spec.ts:153:3 › base URL del fetch de servidor y navegación global (T1.13) › dentro de un run se RESALTA «Runs» (su área) y NO se anuncia como página actual @f1 (1.5s)
[WebServer] {"level":30,"time":1785281050694,"pid":91663,"hostname":"MBP-de-Carlos","name":"web","request_id":"996d1c4b-cdc5-457c-8069-5449375e5f79","run_id":"01KYNGNXWTAW5K6X97B7RV2X42","steps":4,"msg":"run creado"}
  ✓  51 [chromium] › e2e/personas.spec.ts:141:3 › /personas — librería de personas (T2.0) › la acción de fase futura se VE pero está DESHABILITADA y dice por qué; «Generar variación» ya está VIVA (T4.12) @f2 (1.5s)
  ✓  42 [chromium] › e2e/library.spec.ts:391:3 › biblioteca de vídeos /library (T5.7) › CLICAR descargar cuando la ruta da 409 muestra el error en la UI y NO descarga un fichero (5.2s)
  ✓  50 [chromium] › e2e/personas.spec.ts:70:3 › /personas — librería de personas (T2.0) › CRUD completo: crear con voice map es/en, ver la ficha, editar y eliminar @f2 (3.6s)
  ✓  53 [chromium] › e2e/personas.spec.ts:263:3 › /personas — librería de personas (T2.0) › una imagen <2K es RECHAZADA con un mensaje VISIBLE y no se añade @f2 (1.1s)
  ✓  52 [chromium] › e2e/personas.spec.ts:176:3 › /personas — librería de personas (T2.0) › upload de una imagen ≥2K: se acepta y aparece en la ficha @f2 (2.1s)
[WebServer] {"level":30,"time":1785281053538,"pid":91663,"hostname":"MBP-de-Carlos","name":"web","request_id":"ad0ca7b3-2f3e-4515-940b-ad9c875e5aad","run_id":"01KYNGP0R6Z722A8DA7KM5932C","steps":4,"msg":"run creado"}
seed: persona «Nora F4 Premium» ← imagen sintética 1638×2048 px (personas/01KYNGP0TPWE0MQGNGQGNWKQK0/01KYNGP0WF2Z37MZR7G1PKV48R.png)
[WebServer] {"level":30,"time":1785281053927,"pid":91663,"hostname":"MBP-de-Carlos","name":"web","request_id":"613e74aa-6f10-4f3a-9dcb-6c004e5132c9","step_id":"01KYNGNXWTVZ28M5WR5ZRGZYKC","msg":"checkpoint aprobado"}
[WebServer] {"level":30,"time":1785281054464,"pid":91663,"hostname":"MBP-de-Carlos","name":"web","request_id":"df4c57ba-9626-48d5-9d6e-6b5348275cac","run_id":"01KYNGP1ARNGPPT0WZZ266FWJT","steps":4,"msg":"run creado"}
  ✓  45 [chromium] › e2e/navigation.spec.ts:47:3 › base URL del fetch de servidor y navegación global (T1.13) › desde la home se llega a las páginas existentes sin escribir ninguna URL @f1 (8.1s)
[WebServer] {"level":30,"time":1785281055457,"pid":91663,"hostname":"MBP-de-Carlos","name":"web","request_id":"b5ebfb2c-795a-4a33-ae09-52430a29c484","run_id":"01KYNGP1K6RS2FVXGVVY0AQMN3","steps":4,"msg":"run creado"}
[WebServer] {"level":30,"time":1785281055721,"pid":91663,"hostname":"MBP-de-Carlos","name":"web","request_id":"59ab87fe-f410-4516-8c1c-f4b99e40a556","run_id":"01KYNGP2W8JH6P116D9BMDQCXR","steps":6,"msg":"run creado"}
[WebServer] {"level":30,"time":1785281057451,"pid":91663,"hostname":"MBP-de-Carlos","name":"web","request_id":"83d55bb5-78ab-47df-940a-b4baa5468b1f","step_id":"01KYNGNXWTQPX5S7TX3PQB32KA","decision_kind":"matrix","next_run_id":"01KYNGP4DRENRRMANKQY17DP6R","msg":"checkpoint aprobado"}
[WebServer] {"level":30,"time":1785281057624,"pid":91663,"hostname":"MBP-de-Carlos","name":"web","request_id":"45d735a2-5f1c-4d99-981e-c2b24790d8ba","step_id":"01KYNGP0R64PBRG2V6YXQATH0X","msg":"checkpoint editado + sub-grafo invalidado"}
  ✓  54 [chromium] › e2e/phases/f1-brief.spec.ts:29:3 › F1 · journey de análisis: URL → N1/N2/N3 → CP1 → aprobar y avanzar › un usuario pega una URL, edita el brief en CP1 y lo aprueba: el brief se versiona y el run avanza @f1 @phase (4.9s)
  ✓  49 [chromium] › e2e/persona-library-cp2.spec.ts:112:3 › CP2 · toda la librería de personas es alcanzable (T5.13) › una persona que el `avatar_hint` NO sugiere se encuentra, se fija y el lote se crea con ella @f5 @checkpoint (8.5s)
[WebServer] {"level":30,"time":1785281058230,"pid":91663,"hostname":"MBP-de-Carlos","name":"web","request_id":"aeab1bea-2616-41c1-ab64-bb638be88f24","run_id":"01KYNGP5B1XHWKX8EW9E21PK8B","steps":6,"msg":"run creado"}
[WebServer] {"level":30,"time":1785281058252,"pid":91663,"hostname":"MBP-de-Carlos","name":"web","request_id":"ad1b7bd3-1f4e-485a-9ce6-2e6061328273","step_id":"01KYNGP1AQ2SW6V5GQDTF479ZF","msg":"checkpoint aprobado"}
[WebServer] {"level":30,"time":1785281058687,"pid":91663,"hostname":"MBP-de-Carlos","name":"web","request_id":"8fe9a03a-3182-41f6-9865-2f8a9567d94a","run_id":"01KYNGP5Q0ST8G36SEBVH11TH0","steps":6,"msg":"run creado"}
[WebServer] {"level":30,"time":1785281059295,"pid":91663,"hostname":"MBP-de-Carlos","name":"web","request_id":"7dceb1a1-4cd5-4e4e-8e48-204a8b645931","step_id":"01KYNGP1K65W0WXSG6FJSMBCCH","msg":"checkpoint aprobado"}
[WebServer] {"level":30,"time":1785281059630,"pid":91663,"hostname":"MBP-de-Carlos","name":"web","request_id":"b16a24a1-d6dd-4913-bb05-b4d288bfa726","step_id":"01KYNGP1ARYHQWSRQMDFVW2FZA","decision_kind":"matrix","next_run_id":"01KYNGP6NXBJM9QKYSBM3DDBCY","msg":"checkpoint aprobado"}
  ✓  57 [chromium] › e2e/run-canvas-node-switch.spec.ts:43:3 › inspector: conmutar de nodo remonta el panel (T5.24) › un editor JSON a medias en un nodo NO se arrastra al panel de otro @f5 (4.8s)
[WebServer] {"level":30,"time":1785281060401,"pid":91663,"hostname":"MBP-de-Carlos","name":"web","request_id":"cec47310-4c76-45e9-be71-b66aa2f3a861","step_id":"01KYNGP1K6JDFSW6JAA949D613","decision_kind":"matrix","next_run_id":"01KYNGP7D6ZQ6R9Z2T58SK629V","msg":"checkpoint aprobado"}
[WebServer] {"level":30,"time":1785281060513,"pid":91663,"hostname":"MBP-de-Carlos","name":"web","request_id":"6678a94c-1841-4181-99d1-ca572b4a1252","run_id":"01KYNGP7ESW6PMCZN6Q2NF0YJD","steps":6,"msg":"run creado"}
[WebServer] {"level":30,"time":1785281061404,"pid":91663,"hostname":"MBP-de-Carlos","name":"web","request_id":"f13bad97-215f-4951-be28-d177a21590c2","step_id":"01KYNGP6NWNCHCQ2KT3DBSP0K8","decision_kind":"scripts","msg":"checkpoint aprobado"}
  ✓  55 [chromium] › e2e/phases/f2-scripts.spec.ts:52:3 › F2 · journey de guiones: URL → CP1 → CP2 → CP3 → variantes scripted › un usuario aprueba la matriz, N5 guioniza el lote y CP3 deja todas las variantes scripted @f2 @phase (8.7s)
  ✓  58 [chromium] › e2e/runs-canvas.spec.ts:34:3 › canvas del run (T0.11) › los nodos cambian de estado en vivo por SSE (sin reload) @f0 (4.3s)
[WebServer] {"level":30,"time":1785281062345,"pid":91663,"hostname":"MBP-de-Carlos","name":"web","request_id":"3c02b7c1-efc6-497f-855f-09d28531573c","run_id":"01KYNGP9CPR5J3YYANA0YG7E1W","steps":6,"msg":"run creado"}
[WebServer] {"level":30,"time":1785281062456,"pid":91663,"hostname":"MBP-de-Carlos","name":"web","request_id":"157f0e5c-54ec-4ec5-b507-4c5dec71693d","step_id":"01KYNGP7D6VPJZKRQFGYD5A6AA","decision_kind":"scripts","next_run_id":"01KYNGP99VPJAD3RYCD6A3M8JD","msg":"checkpoint aprobado"}
[WebServer] {"level":30,"time":1785281062597,"pid":91663,"hostname":"MBP-de-Carlos","name":"web","request_id":"5de97135-06b2-4bb5-9279-1c0ed779e976","run_id":"01KYNGP9HX0QW4KK3Y25Q195EV","steps":6,"msg":"run creado"}
[WebServer] {"level":30,"time":1785281063852,"pid":91663,"hostname":"MBP-de-Carlos","name":"web","request_id":"47047c38-991c-47a1-b4cd-456d40675831","step_id":"01KYNGP5Q0RAKX4824PGE4YZ21","msg":"checkpoint aprobado"}
[WebServer] {"level":50,"time":1785281064422,"pid":91674,"hostname":"MBP-de-Carlos","name":"worker","queue":"step.execute","job_id":"1a8e4844-a95d-461b-9d66-b6d38eb56185","run_id":"01KYNGP99VPJAD3RYCD6A3M8JD","step_id":"01KYNGP99VRRPJDCA4CPFSH93N","node_key":"N7a","err":{"type":"PermanentStepError","message":"finalizeGeneration: el output de la generación 01KYNGPB9KV59TS6KHMFCVWQV9 no trae images[]: {}","stack":"PermanentStepError: finalizeGeneration: el output de la generación 01KYNGPB9KV59TS6KHMFCVWQV9 no trae images[]: {}\n    at runGenerationStep (/Users/carlosvillu/Developer/__GARBAGE__/UGC_Ads/apps/worker/src/executors/_shared.ts:109:13)\n    at process.processTicksAndRejections (node:internal/process/task_queues:105:5)\n    at async runShotLoop (/Users/carlosvillu/Developer/__GARBAGE__/UGC_Ads/apps/worker/src/executors/generation.ts:225:17)\n    at async runAiPackshotRoute (/Users/carlosvillu/Developer/__GARBAGE__/UGC_Ads/apps/worker/src/executors/generation.ts:273:17)\n    at async <anonymous> (/Users/carlosvillu/Developer/__GARBAGE__/UGC_Ads/apps/worker/src/executors/generation.ts:175:11)\n    at async <anonymous> (/Users/carlosvillu/Developer/__GARBAGE__/UGC_Ads/apps/worker/src/consumers/step-execute.ts:190:9)\n    at async resolveWithinSeconds (file:///Users/carlosvillu/Developer/__GARBAGE__/UGC_Ads/node_modules/.pnpm/pg-boss@12.25.1/node_modules/pg-boss/dist/tools.js:38:18)\n    at async #processJobs (file:///Users/carlosvillu/Developer/__GARBAGE__/UGC_Ads/node_modules/.pnpm/pg-boss@12.25.1/node_modules/pg-boss/dist/manager.js:421:28)\n    at async Worker.onFetch (file:///Users/carlosvillu/Developer/__GARBAGE__/UGC_Ads/node_modules/.pnpm/pg-boss@12.25.1/node_modules/pg-boss/dist/manager.js:577:21)\n    at async Worker.run (file:///Users/carlosvillu/Developer/__GARBAGE__/UGC_Ads/node_modules/.pnpm/pg-boss@12.25.1/node_modules/pg-boss/dist/worker.js:60:21)","name":"PermanentStepError"},"msg":"step.execute: fallo PERMANENTE del executor; failed terminal SIN retry"}
[WebServer] {"level":30,"time":1785281064486,"pid":91674,"hostname":"MBP-de-Carlos","name":"worker","event":"fal_audio_generation_finalized","generationId":"01KYNGPBD2CCZMZ1P0K9KAHJAC","assetId":"01KYNGPBG5YSY4HJFE7AB7TJNA","ttsCostCents":0,"asrCostCents":0,"durationSeconds":1.8,"wordCount":4,"alreadyFinalized":false,"msg":"voiceover generado: TTS descargado, ASR sellado, cobertura 100%, completed"}
[WebServer] {"level":30,"time":1785281064523,"pid":91674,"hostname":"MBP-de-Carlos","name":"worker","event":"fal_generation_finalized","generationId":"01KYNGPBFXZ9VPGZN647TBJ6KZ","assetId":"01KYNGPBH6JX0NFFM1Q5TCKEAF","costCents":1,"msg":"generación finalizada: output descargado, coste registrado, completed"}
[WebServer] {"level":30,"time":1785281064579,"pid":91674,"hostname":"MBP-de-Carlos","name":"worker","event":"generation_dedup_hit","generationId":"01KYNGPBFXZ9VPGZN647TBJ6KZ","assetId":"01KYNGPBH6JX0NFFM1Q5TCKEAF","msg":"generación reutilizada de una completed idéntica (0 coste)"}
[WebServer] {"level":40,"time":1785281064581,"pid":91674,"hostname":"MBP-de-Carlos","name":"worker","queue":"step.execute","job_id":"5dab55a5-42e4-4a85-9c1c-283643f1a7fc","run_id":"01KYNGP99VPJAD3RYCD6A3M8JD","step_id":"01KYNGP99VA5XT3GKCT1E85YZB","node_key":"N7e","err":{"type":"LoserRaceError","message":"runGenerateMusic: un bed idéntico se está produciendo en otra petición concurrente; reintenta","stack":"LoserRaceError: runGenerateMusic: un bed idéntico se está produciendo en otra petición concurrente; reintenta\n    at resolveProductionDedup (/Users/carlosvillu/Developer/__GARBAGE__/UGC_Ads/packages/services/src/generation-dedup.ts:114:9)\n    at process.processTicksAndRejections (node:internal/process/task_queues:105:5)\n    at async runGenerateMusic (/Users/carlosvillu/Developer/__GARBAGE__/UGC_Ads/packages/services/src/generate-music.ts:162:17)\n    at async runGenerationStep (/Users/carlosvillu/Developer/__GARBAGE__/UGC_Ads/apps/worker/src/executors/_shared.ts:104:12)\n    at async <anonymous> (/Users/carlosvillu/Developer/__GARBAGE__/UGC_Ads/apps/worker/src/executors/generate-music.ts:60:17)\n    at async <anonymous> (/Users/carlosvillu/Developer/__GARBAGE__/UGC_Ads/apps/worker/src/consumers/step-execute.ts:190:9)\n    at async resolveWithinSeconds (file:///Users/carlosvillu/Developer/__GARBAGE__/UGC_Ads/node_modules/.pnpm/pg-boss@12.25.1/node_modules/pg-boss/dist/tools.js:38:18)\n    at async #processJobs (file:///Users/carlosvillu/Developer/__GARBAGE__/UGC_Ads/node_modules/.pnpm/pg-boss@12.25.1/node_modules/pg-boss/dist/manager.js:421:28)\n    at async Worker.onFetch (file:///Users/carlosvillu/Developer/__GARBAGE__/UGC_Ads/node_modules/.pnpm/pg-boss@12.25.1/node_modules/pg-boss/dist/manager.js:577:21)\n    at async Worker.run (file:///Users/carlosvillu/Developer/__GARBAGE__/UGC_Ads/node_modules/.pnpm/pg-boss@12.25.1/node_modules/pg-boss/dist/worker.js:60:21)","name":"LoserRaceError"},"msg":"step.execute: executor falló; evaluando retry"}
[WebServer] {"level":30,"time":1785281064590,"pid":91674,"hostname":"MBP-de-Carlos","name":"worker","event":"fal_single_call_per_second_generation_finalized","generationId":"01KYNGPBHCNZ8ETJYBZQEEFHFW","assetId":"01KYNGPBJTG0HQ39RNC43ZNVCT","assetKind":"music_bed","costCents":0,"durationSeconds":12,"alreadyFinalized":false,"msg":"asset single-call-per-second generado: descargado, coste por segundo registrado, completed"}
[WebServer] {"level":30,"time":1785281064603,"pid":91674,"hostname":"MBP-de-Carlos","name":"worker","event":"generation_dedup_hit","generationId":"01KYNGPBHCNZ8ETJYBZQEEFHFW","assetId":"01KYNGPBJTG0HQ39RNC43ZNVCT","msg":"generación reutilizada de una completed idéntica (0 coste)"}
[WebServer] {"level":40,"time":1785281064605,"pid":91674,"hostname":"MBP-de-Carlos","name":"worker","queue":"step.execute","job_id":"74aa8523-a6b0-441b-ab19-d31a3f401114","run_id":"01KYNGP99VPJAD3RYCD6A3M8JD","step_id":"01KYNGP99NSJS87XG6CT08CBBX","node_key":"N7a","err":{"type":"LoserRaceError","message":"runGenerate: una generación idéntico se está produciendo en otra petición concurrente; reintenta","stack":"LoserRaceError: runGenerate: una generación idéntico se está produciendo en otra petición concurrente; reintenta\n    at resolveProductionDedup (/Users/carlosvillu/Developer/__GARBAGE__/UGC_Ads/packages/services/src/generation-dedup.ts:114:9)\n    at process.processTicksAndRejections (node:internal/process/task_queues:105:5)\n    at async runGenerate (/Users/carlosvillu/Developer/__GARBAGE__/UGC_Ads/packages/services/src/generate.ts:173:17)\n    at async runGenerationStep (/Users/carlosvillu/Developer/__GARBAGE__/UGC_Ads/apps/worker/src/executors/_shared.ts:104:12)\n    at async runShotLoop (/Users/carlosvillu/Developer/__GARBAGE__/UGC_Ads/apps/worker/src/executors/generation.ts:225:17)\n    at async runAiPackshotRoute (/Users/carlosvillu/Developer/__GARBAGE__/UGC_Ads/apps/worker/src/executors/generation.ts:273:17)\n    at async <anonymous> (/Users/carlosvillu/Developer/__GARBAGE__/UGC_Ads/apps/worker/src/executors/generation.ts:175:11)\n    at async <anonymous> (/Users/carlosvillu/Developer/__GARBAGE__/UGC_Ads/apps/worker/src/consumers/step-execute.ts:190:9)\n    at async resolveWithinSeconds (file:///Users/carlosvillu/Developer/__GARBAGE__/UGC_Ads/node_modules/.pnpm/pg-boss@12.25.1/node_modules/pg-boss/dist/tools.js:38:18)\n    at async #processJobs (file:///Users/carlosvillu/Developer/__GARBAGE__/UGC_Ads/node_modules/.pnpm/pg-boss@12.25.1/node_modules/pg-boss/dist/manager.js:421:28)","name":"LoserRaceError"},"msg":"step.execute: executor falló; evaluando retry"}
[WebServer] {"level":30,"time":1785281064608,"pid":91674,"hostname":"MBP-de-Carlos","name":"worker","event":"generation_dedup_hit","generationId":"01KYNGPBFXZ9VPGZN647TBJ6KZ","assetId":"01KYNGPBH6JX0NFFM1Q5TCKEAF","msg":"generación reutilizada de una completed idéntica (0 coste)"}
[WebServer] {"level":30,"time":1785281064611,"pid":91674,"hostname":"MBP-de-Carlos","name":"worker","event":"fal_audio_generation_finalized","generationId":"01KYNGPBHTHFXBCV9KZ9FADEPB","assetId":"01KYNGPBMDQYZT962RJ9F87N2W","ttsCostCents":0,"asrCostCents":0,"durationSeconds":1.8,"wordCount":4,"alreadyFinalized":false,"msg":"voiceover generado: TTS descargado, ASR sellado, cobertura 100%, completed"}
[WebServer] {"level":30,"time":1785281064616,"pid":91674,"hostname":"MBP-de-Carlos","name":"worker","event":"fal_audio_generation_finalized","generationId":"01KYNGPBHWKHZAC0HE92HZD5BX","assetId":"01KYNGPBM9WBHRRVM0X4984JP7","ttsCostCents":0,"asrCostCents":0,"durationSeconds":1.8,"wordCount":4,"alreadyFinalized":false,"msg":"voiceover generado: TTS descargado, ASR sellado, cobertura 100%, completed"}
[WebServer] {"level":40,"time":1785281064620,"pid":91674,"hostname":"MBP-de-Carlos","name":"worker","queue":"step.execute","job_id":"4cadf849-f63d-4a35-8050-1f7d94ec82a9","run_id":"01KYNGP99VPJAD3RYCD6A3M8JD","step_id":"01KYNGP99S06YA9P9JBP5D9QDY","node_key":"N7a","err":{"type":"LoserRaceError","message":"runGenerate: una generación idéntico se está produciendo en otra petición concurrente; reintenta","stack":"LoserRaceError: runGenerate: una generación idéntico se está produciendo en otra petición concurrente; reintenta\n    at resolveProductionDedup (/Users/carlosvillu/Developer/__GARBAGE__/UGC_Ads/packages/services/src/generation-dedup.ts:114:9)\n    at process.processTicksAndRejections (node:internal/process/task_queues:105:5)\n    at async runGenerate (/Users/carlosvillu/Developer/__GARBAGE__/UGC_Ads/packages/services/src/generate.ts:173:17)\n    at async runGenerationStep (/Users/carlosvillu/Developer/__GARBAGE__/UGC_Ads/apps/worker/src/executors/_shared.ts:104:12)\n    at async runShotLoop (/Users/carlosvillu/Developer/__GARBAGE__/UGC_Ads/apps/worker/src/executors/generation.ts:225:17)\n    at async runAiPackshotRoute (/Users/carlosvillu/Developer/__GARBAGE__/UGC_Ads/apps/worker/src/executors/generation.ts:273:17)\n    at async <anonymous> (/Users/carlosvillu/Developer/__GARBAGE__/UGC_Ads/apps/worker/src/executors/generation.ts:175:11)\n    at async <anonymous> (/Users/carlosvillu/Developer/__GARBAGE__/UGC_Ads/apps/worker/src/consumers/step-execute.ts:190:9)\n    at async resolveWithinSeconds (file:///Users/carlosvillu/Developer/__GARBAGE__/UGC_Ads/node_modules/.pnpm/pg-boss@12.25.1/node_modules/pg-boss/dist/tools.js:38:18)\n    at async #processJobs (file:///Users/carlosvillu/Developer/__GARBAGE__/UGC_Ads/node_modules/.pnpm/pg-boss@12.25.1/node_modules/pg-boss/dist/manager.js:421:28)","name":"LoserRaceError"},"msg":"step.execute: executor falló; evaluando retry"}
[WebServer] {"level":30,"time":1785281064625,"pid":91674,"hostname":"MBP-de-Carlos","name":"worker","event":"fal_generation_finalized","generationId":"01KYNGPBK69Y9ZJMVJ8MZEHHVR","assetId":"01KYNGPBN3Q24R1CA79ZJ61Q33","costCents":1,"msg":"generación finalizada: output descargado, coste registrado, completed"}
[WebServer] {"level":30,"time":1785281064677,"pid":91674,"hostname":"MBP-de-Carlos","name":"worker","event":"fal_audio_generation_finalized","generationId":"01KYNGPBMG8K52D6ARW4Y0ZP7G","assetId":"01KYNGPBNKZCAVN80QNBC9YQC6","ttsCostCents":0,"asrCostCents":0,"durationSeconds":1.8,"wordCount":4,"alreadyFinalized":false,"msg":"voiceover generado: TTS descargado, ASR sellado, cobertura 100%, completed"}
[WebServer] {"level":30,"time":1785281064771,"pid":91674,"hostname":"MBP-de-Carlos","name":"worker","event":"fal_audio_generation_finalized","generationId":"01KYNGPBN6W1QZFB0GZ06CG2CM","assetId":"01KYNGPBQKJF0M216V5RMPRQ9P","ttsCostCents":0,"asrCostCents":0,"durationSeconds":1.8,"wordCount":4,"alreadyFinalized":false,"msg":"voiceover generado: TTS descargado, ASR sellado, cobertura 100%, completed"}
[WebServer] {"level":30,"time":1785281064773,"pid":91674,"hostname":"MBP-de-Carlos","name":"worker","event":"fal_audio_generation_finalized","generationId":"01KYNGPBNHW16J0Q9P0QQ2HZY7","assetId":"01KYNGPBRGXNS1B415K439HRFG","ttsCostCents":0,"asrCostCents":0,"durationSeconds":1.8,"wordCount":4,"alreadyFinalized":false,"msg":"voiceover generado: TTS descargado, ASR sellado, cobertura 100%, completed"}
[WebServer] {"level":30,"time":1785281064799,"pid":91674,"hostname":"MBP-de-Carlos","name":"worker","queue":"step.execute","job_id":"5dab55a5-42e4-4a85-9c1c-283643f1a7fc","run_id":"01KYNGP99VPJAD3RYCD6A3M8JD","step_id":"01KYNGP99VA5XT3GKCT1E85YZB","node_key":"N7e","outcome":"retried","msg":"step.execute: reencolado para reintento"}
[WebServer] {"level":30,"time":1785281064855,"pid":91674,"hostname":"MBP-de-Carlos","name":"worker","event":"fal_audio_generation_finalized","generationId":"01KYNGPBQSF6AARX22KTC45FED","assetId":"01KYNGPBSTCGEPFFBWN9FNZS1B","ttsCostCents":0,"asrCostCents":0,"durationSeconds":1.8,"wordCount":4,"alreadyFinalized":false,"msg":"voiceover generado: TTS descargado, ASR sellado, cobertura 100%, completed"}
[WebServer] {"level":30,"time":1785281064914,"pid":91663,"hostname":"MBP-de-Carlos","name":"web","request_id":"19fd47e3-8ea9-4c3a-b2e2-20c93123c91a","step_id":"01KYNGP7ES6FYD26NVV8V431W2","msg":"checkpoint rechazado"}
[WebServer] {"level":30,"time":1785281064949,"pid":91674,"hostname":"MBP-de-Carlos","name":"worker","queue":"step.execute","job_id":"74aa8523-a6b0-441b-ab19-d31a3f401114","run_id":"01KYNGP99VPJAD3RYCD6A3M8JD","step_id":"01KYNGP99NSJS87XG6CT08CBBX","node_key":"N7a","outcome":"retried","msg":"step.execute: reencolado para reintento"}
[WebServer] {"level":30,"time":1785281064972,"pid":91674,"hostname":"MBP-de-Carlos","name":"worker","event":"fal_audio_generation_finalized","generationId":"01KYNGPBVKWQ8GFXVNJXXNNAHY","assetId":"01KYNGPBYZQ8TH0Q2SM3WGG4EF","ttsCostCents":0,"asrCostCents":0,"durationSeconds":1.8,"wordCount":4,"alreadyFinalized":false,"msg":"voiceover generado: TTS descargado, ASR sellado, cobertura 100%, completed"}
[WebServer] {"level":30,"time":1785281064995,"pid":91674,"hostname":"MBP-de-Carlos","name":"worker","event":"generation_dedup_hit","generationId":"01KYNGPBHCNZ8ETJYBZQEEFHFW","assetId":"01KYNGPBJTG0HQ39RNC43ZNVCT","msg":"generación reutilizada de una completed idéntica (0 coste)"}
  ✓  60 [chromium] › e2e/runs-canvas.spec.ts:69:3 › canvas del run (T0.11) › checkpoint: rechazar desde el panel @f0 (4.8s)
[WebServer] {"level":30,"time":1785281065131,"pid":91674,"hostname":"MBP-de-Carlos","name":"worker","queue":"step.execute","job_id":"4cadf849-f63d-4a35-8050-1f7d94ec82a9","run_id":"01KYNGP99VPJAD3RYCD6A3M8JD","step_id":"01KYNGP99S06YA9P9JBP5D9QDY","node_key":"N7a","outcome":"retried","msg":"step.execute: reencolado para reintento"}
[WebServer] {"level":30,"time":1785281065204,"pid":91674,"hostname":"MBP-de-Carlos","name":"worker","event":"fal_audio_generation_finalized","generationId":"01KYNGPBYTASJYFN46NKZWQBFY","assetId":"01KYNGPC310GEHFZ58ZVWG26M7","ttsCostCents":0,"asrCostCents":0,"durationSeconds":1.8,"wordCount":4,"alreadyFinalized":false,"msg":"voiceover generado: TTS descargado, ASR sellado, cobertura 100%, completed"}
[WebServer] {"level":30,"time":1785281065220,"pid":91674,"hostname":"MBP-de-Carlos","name":"worker","event":"reconcile_generation","generation_id":"01KYNGPBYTASJYFN46NKZWQBFY","generation_id":"01KYNGPBYTASJYFN46NKZWQBFY","msg":"reconcile: la fila cambió de estado (otro actor la reconcilió) entre el listado y el write; no-op seguro"}
[WebServer] {"level":30,"time":1785281065220,"pid":91674,"hostname":"MBP-de-Carlos","name":"worker","enqueued":0,"expired":0,"stillProcessing":0,"noop":1,"errored":0,"total":1,"msg":"sweep-generations: barrido de reconciliación completado"}
[WebServer] {"level":30,"time":1785281065279,"pid":91674,"hostname":"MBP-de-Carlos","name":"worker","event":"generation_dedup_hit","generationId":"01KYNGPBFXZ9VPGZN647TBJ6KZ","assetId":"01KYNGPBH6JX0NFFM1Q5TCKEAF","msg":"generación reutilizada de una completed idéntica (0 coste)"}
[WebServer] {"level":30,"time":1785281065280,"pid":91674,"hostname":"MBP-de-Carlos","name":"worker","event":"fal_audio_generation_finalized","generationId":"01KYNGPC73GGH3HRC62GK40PH3","assetId":"01KYNGPC98JHCMX3BBF8177RNX","ttsCostCents":0,"asrCostCents":0,"durationSeconds":1.8,"wordCount":4,"alreadyFinalized":false,"msg":"voiceover generado: TTS descargado, ASR sellado, cobertura 100%, completed"}
[WebServer] {"level":30,"time":1785281065283,"pid":91674,"hostname":"MBP-de-Carlos","name":"worker","event":"fal_audio_generation_finalized","generationId":"01KYNGPC7DF9P9QXSDJKJJV4N7","assetId":"01KYNGPC8TJB75SKF1SA3BMKTE","ttsCostCents":0,"asrCostCents":0,"durationSeconds":1.8,"wordCount":4,"alreadyFinalized":false,"msg":"voiceover generado: TTS descargado, ASR sellado, cobertura 100%, completed"}
[WebServer] {"level":30,"time":1785281065286,"pid":91674,"hostname":"MBP-de-Carlos","name":"worker","event":"generation_dedup_hit","generationId":"01KYNGPBK69Y9ZJMVJ8MZEHHVR","assetId":"01KYNGPBN3Q24R1CA79ZJ61Q33","msg":"generación reutilizada de una completed idéntica (0 coste)"}
[WebServer] {"level":30,"time":1785281065287,"pid":91674,"hostname":"MBP-de-Carlos","name":"worker","event":"generation_dedup_hit","generationId":"01KYNGPBN6W1QZFB0GZ06CG2CM","assetId":"01KYNGPBQKJF0M216V5RMPRQ9P","msg":"generación reutilizada de una completed idéntica (0 coste)"}
[WebServer] {"level":30,"time":1785281065288,"pid":91663,"hostname":"MBP-de-Carlos","name":"web","request_id":"0e715481-efea-42cc-afbf-9d7665d68f1f","step_id":"01KYNGP99VRRPJDCA4CPFSH93N","msg":"step reintentado manualmente"}
[WebServer] {"level":30,"time":1785281065291,"pid":91674,"hostname":"MBP-de-Carlos","name":"worker","event":"generation_dedup_hit","generationId":"01KYNGPBQSF6AARX22KTC45FED","assetId":"01KYNGPBSTCGEPFFBWN9FNZS1B","msg":"generación reutilizada de una completed idéntica (0 coste)"}
[WebServer] {"level":30,"time":1785281065292,"pid":91674,"hostname":"MBP-de-Carlos","name":"worker","event":"generation_dedup_hit","generationId":"01KYNGPBFXZ9VPGZN647TBJ6KZ","assetId":"01KYNGPBH6JX0NFFM1Q5TCKEAF","msg":"generación reutilizada de una completed idéntica (0 coste)"}
[WebServer] {"level":30,"time":1785281065294,"pid":91674,"hostname":"MBP-de-Carlos","name":"worker","event":"generation_dedup_hit","generationId":"01KYNGPBVKWQ8GFXVNJXXNNAHY","assetId":"01KYNGPBYZQ8TH0Q2SM3WGG4EF","msg":"generación reutilizada de una completed idéntica (0 coste)"}
[WebServer] {"level":30,"time":1785281065304,"pid":91674,"hostname":"MBP-de-Carlos","name":"worker","event":"generation_dedup_hit","generationId":"01KYNGPBHCNZ8ETJYBZQEEFHFW","assetId":"01KYNGPBJTG0HQ39RNC43ZNVCT","msg":"generación reutilizada de una completed idéntica (0 coste)"}
[WebServer] {"level":30,"time":1785281065305,"pid":91674,"hostname":"MBP-de-Carlos","name":"worker","event":"generation_dedup_hit","generationId":"01KYNGPBK69Y9ZJMVJ8MZEHHVR","assetId":"01KYNGPBN3Q24R1CA79ZJ61Q33","msg":"generación reutilizada de una completed idéntica (0 coste)"}
[WebServer] {"level":30,"time":1785281065308,"pid":91674,"hostname":"MBP-de-Carlos","name":"worker","event":"generation_dedup_hit","generationId":"01KYNGPBYTASJYFN46NKZWQBFY","assetId":"01KYNGPC310GEHFZ58ZVWG26M7","msg":"generación reutilizada de una completed idéntica (0 coste)"}
[WebServer] {"level":30,"time":1785281065319,"pid":91663,"hostname":"MBP-de-Carlos","name":"web","request_id":"b97519f7-97ce-4c80-9529-30ef54c20d02","run_id":"01KYNGPC6YXZP8W27V8FJ6G5SM","steps":6,"msg":"run creado"}
[WebServer] {"level":30,"time":1785281065465,"pid":91674,"hostname":"MBP-de-Carlos","name":"worker","event":"fal_audio_generation_finalized","generationId":"01KYNGPCBHHHMKH091ETDQ0CE0","assetId":"01KYNGPCDH22CG0DGSX4GQV0XA","ttsCostCents":0,"asrCostCents":0,"durationSeconds":1.8,"wordCount":4,"alreadyFinalized":false,"msg":"voiceover generado: TTS descargado, ASR sellado, cobertura 100%, completed"}
[WebServer] {"level":30,"time":1785281065498,"pid":91674,"hostname":"MBP-de-Carlos","name":"worker","event":"generation_dedup_hit","generationId":"01KYNGPBHWKHZAC0HE92HZD5BX","assetId":"01KYNGPBM9WBHRRVM0X4984JP7","msg":"generación reutilizada de una completed idéntica (0 coste)"}
[WebServer] {"level":30,"time":1785281065550,"pid":91674,"hostname":"MBP-de-Carlos","name":"worker","event":"generation_dedup_hit","generationId":"01KYNGPBNHW16J0Q9P0QQ2HZY7","assetId":"01KYNGPBRGXNS1B415K439HRFG","msg":"generación reutilizada de una completed idéntica (0 coste)"}
[WebServer] {"level":30,"time":1785281065561,"pid":91674,"hostname":"MBP-de-Carlos","name":"worker","event":"generation_dedup_hit","generationId":"01KYNGPBHCNZ8ETJYBZQEEFHFW","assetId":"01KYNGPBJTG0HQ39RNC43ZNVCT","msg":"generación reutilizada de una completed idéntica (0 coste)"}
[WebServer] {"level":30,"time":1785281065637,"pid":91674,"hostname":"MBP-de-Carlos","name":"worker","event":"fal_input_upload","assetId":"01KYNGPBN3Q24R1CA79ZJ61Q33","falUrl":"http://127.0.0.1:53942/fal-cdn/files/fake-input-36","bytes":5935,"msg":"fal storage upload: input subido por primera vez"}
[WebServer] {"level":30,"time":1785281065638,"pid":91674,"hostname":"MBP-de-Carlos","name":"worker","event":"fal_input_upload","assetId":"01KYNGPBH6JX0NFFM1Q5TCKEAF","falUrl":"http://127.0.0.1:53942/fal-cdn/files/fake-input-37","bytes":5935,"msg":"fal storage upload: input subido por primera vez"}
[WebServer] {"level":30,"time":1785281065658,"pid":91674,"hostname":"MBP-de-Carlos","name":"worker","event":"fal_input_upload","assetId":"01KYNGMC6RFNFSJGVZWZSAG83B","falUrl":"http://127.0.0.1:53942/fal-cdn/files/fake-input-39","bytes":84470,"msg":"fal storage upload: input subido por primera vez"}
[WebServer] {"level":30,"time":1785281065660,"pid":91674,"hostname":"MBP-de-Carlos","name":"worker","event":"fal_input_cache_hit","assetId":"01KYNGPBH6JX0NFFM1Q5TCKEAF","falUrl":"http://127.0.0.1:53942/fal-cdn/files/fake-input-37","msg":"fal storage cache-hit: input reutilizado sin re-subir"}
[WebServer] {"level":30,"time":1785281065661,"pid":91674,"hostname":"MBP-de-Carlos","name":"worker","event":"fal_input_cache_hit","assetId":"01KYNGPBN3Q24R1CA79ZJ61Q33","falUrl":"http://127.0.0.1:53942/fal-cdn/files/fake-input-36","msg":"fal storage cache-hit: input reutilizado sin re-subir"}
[WebServer] {"level":30,"time":1785281065662,"pid":91674,"hostname":"MBP-de-Carlos","name":"worker","event":"fal_input_upload","assetId":"01KYNGPBG5YSY4HJFE7AB7TJNA","falUrl":"http://127.0.0.1:53942/fal-cdn/files/fake-input-38","bytes":3244,"msg":"fal storage upload: input subido por primera vez"}
[WebServer] {"level":30,"time":1785281065705,"pid":91674,"hostname":"MBP-de-Carlos","name":"worker","event":"fal_single_call_per_second_generation_finalized","generationId":"01KYNGPCNJ4WMW07S9D0VCGKK2","assetId":"01KYNGPCPEPATYCKSXN099VS4Y","assetKind":"broll_clip","costCents":80,"durationSeconds":4,"alreadyFinalized":false,"msg":"asset single-call-per-second generado: descargado, coste por segundo registrado, completed"}
[WebServer] {"level":30,"time":1785281065722,"pid":91674,"hostname":"MBP-de-Carlos","name":"worker","event":"fal_single_call_per_second_generation_finalized","generationId":"01KYNGPCP0Z5C4XZF6VZR6TNJ9","assetId":"01KYNGPCQ6PF3HK7ZQ7MEZF2TS","assetKind":"cta_clip","costCents":80,"durationSeconds":4,"alreadyFinalized":false,"msg":"asset single-call-per-second generado: descargado, coste por segundo registrado, completed"}
[WebServer] {"level":30,"time":1785281065722,"pid":91674,"hostname":"MBP-de-Carlos","name":"worker","event":"fal_single_call_per_second_generation_finalized","generationId":"01KYNGPCP2T8XWXXJ7J7AG4VPT","assetId":"01KYNGPCPYX20EBR2TNR2Z6JB0","assetKind":"avatar_clip","costCents":80,"durationSeconds":5,"alreadyFinalized":false,"msg":"asset single-call-per-second generado: descargado, coste por segundo registrado, completed"}
[WebServer] {"level":30,"time":1785281065733,"pid":91674,"hostname":"MBP-de-Carlos","name":"worker","event":"fal_input_upload","assetId":"01KYNGPBMDQYZT962RJ9F87N2W","falUrl":"http://127.0.0.1:53942/fal-cdn/files/fake-input-43","bytes":3244,"msg":"fal storage upload: input subido por primera vez"}
[WebServer] {"level":30,"time":1785281065746,"pid":91674,"hostname":"MBP-de-Carlos","name":"worker","event":"fal_input_upload","assetId":"01KYNGMCAK73ZXG1FGTAMWJDKE","falUrl":"http://127.0.0.1:53942/fal-cdn/files/fake-input-44","bytes":84598,"msg":"fal storage upload: input subido por primera vez"}
[WebServer] {"level":30,"time":1785281065819,"pid":91674,"hostname":"MBP-de-Carlos","name":"worker","event":"generation_dedup_hit","generationId":"01KYNGPBFXZ9VPGZN647TBJ6KZ","assetId":"01KYNGPBH6JX0NFFM1Q5TCKEAF","msg":"generación reutilizada de una completed idéntica (0 coste)"}
[WebServer] {"level":30,"time":1785281065853,"pid":91674,"hostname":"MBP-de-Carlos","name":"worker","event":"fal_single_call_per_second_generation_finalized","generationId":"01KYNGPCRWE1QM1YJ4TS69CGCF","assetId":"01KYNGPCTWQTMS4P9QH5NWBMR8","assetKind":"avatar_clip","costCents":80,"durationSeconds":5,"alreadyFinalized":false,"msg":"asset single-call-per-second generado: descargado, coste por segundo registrado, completed"}
[WebServer] {"level":30,"time":1785281065866,"pid":91674,"hostname":"MBP-de-Carlos","name":"worker","event":"generation_dedup_hit","generationId":"01KYNGPBK69Y9ZJMVJ8MZEHHVR","assetId":"01KYNGPBN3Q24R1CA79ZJ61Q33","msg":"generación reutilizada de una completed idéntica (0 coste)"}
[WebServer] {"level":30,"time":1785281066016,"pid":91674,"hostname":"MBP-de-Carlos","name":"worker","event":"fal_input_upload","assetId":"01KYNGP0WF2Z37MZR7G1PKV48R","falUrl":"http://127.0.0.1:53942/fal-cdn/files/fake-input-47","bytes":84624,"msg":"fal storage upload: input subido por primera vez"}
[WebServer] {"level":30,"time":1785281066020,"pid":91674,"hostname":"MBP-de-Carlos","name":"worker","event":"fal_input_upload","assetId":"01KYNGPBNKZCAVN80QNBC9YQC6","falUrl":"http://127.0.0.1:53942/fal-cdn/files/fake-input-46","bytes":3244,"msg":"fal storage upload: input subido por primera vez"}
[WebServer] {"level":30,"time":1785281066021,"pid":91674,"hostname":"MBP-de-Carlos","name":"worker","event":"fal_input_cache_hit","assetId":"01KYNGMCAK73ZXG1FGTAMWJDKE","falUrl":"http://127.0.0.1:53942/fal-cdn/files/fake-input-44","msg":"fal storage cache-hit: input reutilizado sin re-subir"}
[WebServer] {"level":30,"time":1785281066026,"pid":91674,"hostname":"MBP-de-Carlos","name":"worker","event":"fal_input_upload","assetId":"01KYNGPC98JHCMX3BBF8177RNX","falUrl":"http://127.0.0.1:53942/fal-cdn/files/fake-input-48","bytes":3244,"msg":"fal storage upload: input subido por primera vez"}
  ✓  59 [chromium] › e2e/runs-canvas.spec.ts:52:3 › canvas del run (T0.11) › checkpoint: aprobar desde el panel avanza el run @f0 (7.9s)
[WebServer] {"level":30,"time":1785281066259,"pid":91674,"hostname":"MBP-de-Carlos","name":"worker","event":"fal_single_call_per_second_generation_finalized","generationId":"01KYNGPD1DHNJQSDVJBJZAQ8YR","assetId":"01KYNGPD5EWBKTVEJXWBE4PWG2","assetKind":"avatar_clip","costCents":80,"durationSeconds":5,"alreadyFinalized":false,"msg":"asset single-call-per-second generado: descargado, coste por segundo registrado, completed"}
[WebServer] {"level":30,"time":1785281066272,"pid":91674,"hostname":"MBP-de-Carlos","name":"worker","event":"fal_single_call_per_second_generation_finalized","generationId":"01KYNGPD1TZ907CXY1ZSC3Q9VC","assetId":"01KYNGPD6ZM2FE24BDCJW3P9PC","assetKind":"avatar_clip","costCents":80,"durationSeconds":5,"alreadyFinalized":false,"msg":"asset single-call-per-second generado: descargado, coste por segundo registrado, completed"}
[WebServer] {"level":30,"time":1785281066279,"pid":91674,"hostname":"MBP-de-Carlos","name":"worker","event":"fal_input_cache_hit","assetId":"01KYNGP0WF2Z37MZR7G1PKV48R","falUrl":"http://127.0.0.1:53942/fal-cdn/files/fake-input-47","msg":"fal storage cache-hit: input reutilizado sin re-subir"}
[WebServer] {"level":30,"time":1785281066284,"pid":91674,"hostname":"MBP-de-Carlos","name":"worker","event":"fal_input_cache_hit","assetId":"01KYNGPBH6JX0NFFM1Q5TCKEAF","falUrl":"http://127.0.0.1:53942/fal-cdn/files/fake-input-37","msg":"fal storage cache-hit: input reutilizado sin re-subir"}
[WebServer] {"level":30,"time":1785281066284,"pid":91674,"hostname":"MBP-de-Carlos","name":"worker","event":"fal_input_cache_hit","assetId":"01KYNGPBN3Q24R1CA79ZJ61Q33","falUrl":"http://127.0.0.1:53942/fal-cdn/files/fake-input-36","msg":"fal storage cache-hit: input reutilizado sin re-subir"}
[WebServer] {"level":30,"time":1785281066286,"pid":91674,"hostname":"MBP-de-Carlos","name":"worker","event":"fal_input_upload","assetId":"01KYNGPC8TJB75SKF1SA3BMKTE","falUrl":"http://127.0.0.1:53942/fal-cdn/files/fake-input-51","bytes":3244,"msg":"fal storage upload: input subido por primera vez"}
[WebServer] {"level":30,"time":1785281066294,"pid":91674,"hostname":"MBP-de-Carlos","name":"worker","event":"fal_input_cache_hit","assetId":"01KYNGPBH6JX0NFFM1Q5TCKEAF","falUrl":"http://127.0.0.1:53942/fal-cdn/files/fake-input-37","msg":"fal storage cache-hit: input reutilizado sin re-subir"}
[WebServer] {"level":30,"time":1785281066294,"pid":91674,"hostname":"MBP-de-Carlos","name":"worker","event":"fal_input_cache_hit","assetId":"01KYNGPBN3Q24R1CA79ZJ61Q33","falUrl":"http://127.0.0.1:53942/fal-cdn/files/fake-input-36","msg":"fal storage cache-hit: input reutilizado sin re-subir"}
[WebServer] {"level":30,"time":1785281066303,"pid":91674,"hostname":"MBP-de-Carlos","name":"worker","event":"generation_dedup_hit","generationId":"01KYNGPCNJ4WMW07S9D0VCGKK2","assetId":"01KYNGPCPEPATYCKSXN099VS4Y","msg":"generación reutilizada de una completed idéntica (0 coste)"}
[WebServer] {"level":30,"time":1785281066313,"pid":91674,"hostname":"MBP-de-Carlos","name":"worker","event":"generation_dedup_hit","generationId":"01KYNGPCP0Z5C4XZF6VZR6TNJ9","assetId":"01KYNGPCQ6PF3HK7ZQ7MEZF2TS","msg":"generación reutilizada de una completed idéntica (0 coste)"}
[WebServer] {"level":30,"time":1785281066329,"pid":91663,"hostname":"MBP-de-Carlos","name":"web","request_id":"a8efa09e-2555-47b5-8646-ff090ed672cb","run_id":"01KYNGPD94GBQ4E0H9Q3T9ASFK","steps":6,"msg":"run creado"}
[WebServer] {"level":30,"time":1785281066368,"pid":91674,"hostname":"MBP-de-Carlos","name":"worker","event":"fal_input_cache_hit","assetId":"01KYNGMC6RFNFSJGVZWZSAG83B","falUrl":"http://127.0.0.1:53942/fal-cdn/files/fake-input-39","msg":"fal storage cache-hit: input reutilizado sin re-subir"}
[WebServer] {"level":30,"time":1785281066376,"pid":91674,"hostname":"MBP-de-Carlos","name":"worker","event":"fal_input_cache_hit","assetId":"01KYNGPBH6JX0NFFM1Q5TCKEAF","falUrl":"http://127.0.0.1:53942/fal-cdn/files/fake-input-37","msg":"fal storage cache-hit: input reutilizado sin re-subir"}
[WebServer] {"level":30,"time":1785281066376,"pid":91674,"hostname":"MBP-de-Carlos","name":"worker","event":"fal_input_cache_hit","assetId":"01KYNGPBN3Q24R1CA79ZJ61Q33","falUrl":"http://127.0.0.1:53942/fal-cdn/files/fake-input-36","msg":"fal storage cache-hit: input reutilizado sin re-subir"}
[WebServer] {"level":30,"time":1785281066377,"pid":91674,"hostname":"MBP-de-Carlos","name":"worker","event":"fal_input_upload","assetId":"01KYNGPCDH22CG0DGSX4GQV0XA","falUrl":"http://127.0.0.1:53942/fal-cdn/files/fake-input-53","bytes":3244,"msg":"fal storage upload: input subido por primera vez"}
[WebServer] {"level":30,"time":1785281066379,"pid":91674,"hostname":"MBP-de-Carlos","name":"worker","event":"fal_single_call_per_second_generation_finalized","generationId":"01KYNGPD9MQ63HAG3MP1YRZC2P","assetId":"01KYNGPDB6AF84WE07DTYM9H3M","assetKind":"avatar_clip","costCents":80,"durationSeconds":5,"alreadyFinalized":false,"msg":"asset single-call-per-second generado: descargado, coste por segundo registrado, completed"}
[WebServer] {"level":30,"time":1785281066385,"pid":91674,"hostname":"MBP-de-Carlos","name":"worker","event":"generation_dedup_hit","generationId":"01KYNGPCP0Z5C4XZF6VZR6TNJ9","assetId":"01KYNGPCQ6PF3HK7ZQ7MEZF2TS","msg":"generación reutilizada de una completed idéntica (0 coste)"}
[WebServer] {"level":30,"time":1785281066573,"pid":91674,"hostname":"MBP-de-Carlos","name":"worker","event":"fal_input_cache_hit","assetId":"01KYNGPBH6JX0NFFM1Q5TCKEAF","falUrl":"http://127.0.0.1:53942/fal-cdn/files/fake-input-37","msg":"fal storage cache-hit: input reutilizado sin re-subir"}
[WebServer] {"level":30,"time":1785281066573,"pid":91674,"hostname":"MBP-de-Carlos","name":"worker","event":"fal_input_cache_hit","assetId":"01KYNGPBN3Q24R1CA79ZJ61Q33","falUrl":"http://127.0.0.1:53942/fal-cdn/files/fake-input-36","msg":"fal storage cache-hit: input reutilizado sin re-subir"}
[WebServer] {"level":30,"time":1785281066592,"pid":91674,"hostname":"MBP-de-Carlos","name":"worker","event":"fal_single_call_per_second_generation_finalized","generationId":"01KYNGPDCFJBKVZSP0MANT8WNJ","assetId":"01KYNGPDFE5CC60R0GJW4EB0R7","assetKind":"avatar_clip","costCents":80,"durationSeconds":5,"alreadyFinalized":false,"msg":"asset single-call-per-second generado: descargado, coste por segundo registrado, completed"}
[WebServer] {"level":30,"time":1785281066606,"pid":91674,"hostname":"MBP-de-Carlos","name":"worker","event":"generation_dedup_hit","generationId":"01KYNGPCNJ4WMW07S9D0VCGKK2","assetId":"01KYNGPCPEPATYCKSXN099VS4Y","msg":"generación reutilizada de una completed idéntica (0 coste)"}
[WebServer] {"level":30,"time":1785281066607,"pid":91674,"hostname":"MBP-de-Carlos","name":"worker","event":"fal_input_cache_hit","assetId":"01KYNGPBH6JX0NFFM1Q5TCKEAF","falUrl":"http://127.0.0.1:53942/fal-cdn/files/fake-input-37","msg":"fal storage cache-hit: input reutilizado sin re-subir"}
[WebServer] {"level":30,"time":1785281066607,"pid":91674,"hostname":"MBP-de-Carlos","name":"worker","event":"fal_input_cache_hit","assetId":"01KYNGPBN3Q24R1CA79ZJ61Q33","falUrl":"http://127.0.0.1:53942/fal-cdn/files/fake-input-36","msg":"fal storage cache-hit: input reutilizado sin re-subir"}
[WebServer] {"level":30,"time":1785281066640,"pid":91674,"hostname":"MBP-de-Carlos","name":"worker","event":"generation_dedup_hit","generationId":"01KYNGPCP0Z5C4XZF6VZR6TNJ9","assetId":"01KYNGPCQ6PF3HK7ZQ7MEZF2TS","msg":"generación reutilizada de una completed idéntica (0 coste)"}
[WebServer] {"level":30,"time":1785281066648,"pid":91674,"hostname":"MBP-de-Carlos","name":"worker","event":"fal_input_cache_hit","assetId":"01KYNGPBH6JX0NFFM1Q5TCKEAF","falUrl":"http://127.0.0.1:53942/fal-cdn/files/fake-input-37","msg":"fal storage cache-hit: input reutilizado sin re-subir"}
[WebServer] {"level":30,"time":1785281066648,"pid":91674,"hostname":"MBP-de-Carlos","name":"worker","event":"fal_input_cache_hit","assetId":"01KYNGPBN3Q24R1CA79ZJ61Q33","falUrl":"http://127.0.0.1:53942/fal-cdn/files/fake-input-36","msg":"fal storage cache-hit: input reutilizado sin re-subir"}
[WebServer] {"level":30,"time":1785281066673,"pid":91674,"hostname":"MBP-de-Carlos","name":"worker","event":"generation_dedup_hit","generationId":"01KYNGPCNJ4WMW07S9D0VCGKK2","assetId":"01KYNGPCPEPATYCKSXN099VS4Y","msg":"generación reutilizada de una completed idéntica (0 coste)"}
[WebServer] {"level":30,"time":1785281067518,"pid":91663,"hostname":"MBP-de-Carlos","name":"web","request_id":"6e91f85e-9ef5-47f0-b28b-747f97dc78d0","step_id":"01KYNGP9HX2MGAYH52R2A0YQST","msg":"checkpoint aprobado"}
[WebServer] {"level":30,"time":1785281067728,"pid":91663,"hostname":"MBP-de-Carlos","name":"web","request_id":"a07e65a6-6933-4b07-8e04-fc821494cee3","step_id":"01KYNGP9CN2R863DA9W09QCJXQ","msg":"checkpoint editado + sub-grafo invalidado"}
[WebServer] {"level":30,"time":1785281067796,"pid":91663,"hostname":"MBP-de-Carlos","name":"web","request_id":"6f1b6a8f-aecc-41b3-956a-2c98c306070f","run_id":"01KYNGPD94GBQ4E0H9Q3T9ASFK","cancelled":6,"msg":"run cancelado"}
  ✓  61 [chromium] › e2e/runs-canvas.spec.ts:79:3 › canvas del run (T0.11) › checkpoint: editar el output JSON y aprobar @f0 (5.9s)
  ✓  64 [chromium] › e2e/runs-canvas.spec.ts:145:3 › canvas del run (T0.11) › cancelar OTRO run en curso desde el botón del panel @f0 (2.3s)
[WebServer] {"level":30,"time":1785281068727,"pid":91663,"hostname":"MBP-de-Carlos","name":"web","request_id":"ee9809d2-063f-4176-af2d-c98f9048728f","run_id":"01KYNGPF538SVQ67S2EMK66E6Y","steps":6,"msg":"run creado"}
[WebServer] {"level":30,"time":1785281069295,"pid":91663,"hostname":"MBP-de-Carlos","name":"web","request_id":"bddec721-f946-47de-93a0-19bf74ebc46b","run_id":"01KYNGPFK0TSC9D8K709ZD277M","steps":6,"msg":"run creado"}
[WebServer] {"level":30,"time":1785281070100,"pid":91663,"hostname":"MBP-de-Carlos","name":"web","request_id":"9eaa5818-33c7-4f4b-9862-417159aa12b6","step_id":"01KYNGPC6YAHZ0H0FCCBA3NYPX","msg":"checkpoint aprobado"}
[WebServer] {"level":30,"time":1785281070802,"pid":91663,"hostname":"MBP-de-Carlos","name":"web","request_id":"f05034bc-0cf9-4e90-8ca4-d4175ee5dac3","run_id":"01KYNGPF538SVQ67S2EMK66E6Y","autopilot":true,"msg":"autopilot del run actualizado"}
[WebServer] {"level":30,"time":1785281071087,"pid":91663,"hostname":"MBP-de-Carlos","name":"web","request_id":"cfa5515b-fa29-47bc-9d19-c94c50ebca98","step_id":"01KYNGPF537G4WD828CBYWW9F9","msg":"checkpoint aprobado"}
[WebServer] {"level":30,"time":1785281071551,"pid":91663,"hostname":"MBP-de-Carlos","name":"web","request_id":"7376cd13-4277-4530-bf78-bd523f4e7ff1","step_id":"01KYNGP9HXPNS7NRCP6AZZA36V","msg":"checkpoint aprobado"}
[WebServer] {"level":40,"time":1785281072484,"pid":91674,"hostname":"MBP-de-Carlos","name":"worker","queue":"step.execute","job_id":"ab7f0e57-78cf-4a0e-a20d-9ebeef33222d","run_id":"01KYNGP9HX0QW4KK3Y25Q195EV","step_id":"01KYNGP9HXYSQP0NWY3FFCZ0NE","node_key":"demo.canvas.N4","err":{"type":"Error","message":"demo executor: fallo inyectado","stack":"Error: demo executor: fallo inyectado\n    at <anonymous> (/Users/carlosvillu/Developer/__GARBAGE__/UGC_Ads/apps/worker/src/executors/demo.ts:98:13)\n    at async <anonymous> (/Users/carlosvillu/Developer/__GARBAGE__/UGC_Ads/apps/worker/src/consumers/step-execute.ts:190:9)\n    at async resolveWithinSeconds (file:///Users/carlosvillu/Developer/__GARBAGE__/UGC_Ads/node_modules/.pnpm/pg-boss@12.25.1/node_modules/pg-boss/dist/tools.js:38:18)\n    at async #processJobs (file:///Users/carlosvillu/Developer/__GARBAGE__/UGC_Ads/node_modules/.pnpm/pg-boss@12.25.1/node_modules/pg-boss/dist/manager.js:421:28)\n    at async Worker.onFetch (file:///Users/carlosvillu/Developer/__GARBAGE__/UGC_Ads/node_modules/.pnpm/pg-boss@12.25.1/node_modules/pg-boss/dist/manager.js:577:21)\n    at async Worker.run (file:///Users/carlosvillu/Developer/__GARBAGE__/UGC_Ads/node_modules/.pnpm/pg-boss@12.25.1/node_modules/pg-boss/dist/worker.js:60:21)"},"msg":"step.execute: executor falló; evaluando retry"}
  ✓  66 [chromium] › e2e/runs-canvas.spec.ts:254:3 › canvas del run (T0.11) › autopilot: el checkpoint NORMAL no pausa, pero el candado alwaysPause gana igual @f0 (4.0s)
  ✓  65 [chromium] › e2e/runs-canvas.spec.ts:213:3 › canvas del run (T0.11) › autopilot: el toggle de la cabecera PERSISTE en el run (no solo en el cliente) @f0 (4.7s)
[WebServer] {"level":30,"time":1785281072956,"pid":91674,"hostname":"MBP-de-Carlos","name":"worker","queue":"step.execute","job_id":"ab7f0e57-78cf-4a0e-a20d-9ebeef33222d","run_id":"01KYNGP9HX0QW4KK3Y25Q195EV","step_id":"01KYNGP9HXYSQP0NWY3FFCZ0NE","node_key":"demo.canvas.N4","outcome":"retried","msg":"step.execute: reencolado para reintento"}
[WebServer] {"level":30,"time":1785281073193,"pid":91663,"hostname":"MBP-de-Carlos","name":"web","request_id":"f872b706-b807-44f3-86fb-b63347bcf0ab","run_id":"01KYNGPKGVAS7Y89VXJ9CAKW52","steps":4,"msg":"run creado"}
[WebServer] {"level":40,"time":1785281074139,"pid":91674,"hostname":"MBP-de-Carlos","name":"worker","queue":"step.execute","job_id":"f17c0861-1d78-4251-b049-1dc0c7dfce5f","run_id":"01KYNGP9HX0QW4KK3Y25Q195EV","step_id":"01KYNGP9HXYSQP0NWY3FFCZ0NE","node_key":"demo.canvas.N4","err":{"type":"Error","message":"demo executor: fallo inyectado","stack":"Error: demo executor: fallo inyectado\n    at <anonymous> (/Users/carlosvillu/Developer/__GARBAGE__/UGC_Ads/apps/worker/src/executors/demo.ts:98:13)\n    at async <anonymous> (/Users/carlosvillu/Developer/__GARBAGE__/UGC_Ads/apps/worker/src/consumers/step-execute.ts:190:9)\n    at async resolveWithinSeconds (file:///Users/carlosvillu/Developer/__GARBAGE__/UGC_Ads/node_modules/.pnpm/pg-boss@12.25.1/node_modules/pg-boss/dist/tools.js:38:18)\n    at async #processJobs (file:///Users/carlosvillu/Developer/__GARBAGE__/UGC_Ads/node_modules/.pnpm/pg-boss@12.25.1/node_modules/pg-boss/dist/manager.js:421:28)\n    at async Worker.onFetch (file:///Users/carlosvillu/Developer/__GARBAGE__/UGC_Ads/node_modules/.pnpm/pg-boss@12.25.1/node_modules/pg-boss/dist/manager.js:577:21)\n    at async Worker.run (file:///Users/carlosvillu/Developer/__GARBAGE__/UGC_Ads/node_modules/.pnpm/pg-boss@12.25.1/node_modules/pg-boss/dist/worker.js:60:21)"},"msg":"step.execute: executor falló; evaluando retry"}
[WebServer] {"level":30,"time":1785281076042,"pid":91663,"hostname":"MBP-de-Carlos","name":"web","request_id":"0b768bb7-ccfd-47a3-a18e-019d949dbf1e","run_id":"01KYNGPKTVVSBEA0VXBAT4NB8B","steps":4,"msg":"run creado"}
[WebServer] {"level":30,"time":1785281076854,"pid":91674,"hostname":"MBP-de-Carlos","name":"worker","queue":"step.execute","job_id":"f17c0861-1d78-4251-b049-1dc0c7dfce5f","run_id":"01KYNGP9HX0QW4KK3Y25Q195EV","step_id":"01KYNGP9HXYSQP0NWY3FFCZ0NE","node_key":"demo.canvas.N4","outcome":"retried","msg":"step.execute: reencolado para reintento"}
[WebServer] {"level":30,"time":1785281077119,"pid":91663,"hostname":"MBP-de-Carlos","name":"web","request_id":"27069d3f-f72b-4bac-af7c-a3f759b0e0d6","step_id":"01KYNGPC6YHFR5FE6D1R87G8MY","msg":"step saltado"}
  ✓  63 [chromium] › e2e/runs-canvas.spec.ts:126:3 › canvas del run (T0.11) › skip: saltar un nodo skippable desde el panel @f0 (13.7s)
  ✓  67 [chromium] › e2e/runs-canvas.spec.ts:280:3 › canvas: títulos, visor del artefacto y controles (T1.16) › los nodos muestran su título humano y la clave sigue siendo el accessible name @f1 (6.3s)
[WebServer] {"level":40,"time":1785281078899,"pid":91674,"hostname":"MBP-de-Carlos","name":"worker","queue":"step.execute","job_id":"c59f79c6-9485-462a-a015-f8aac75f526d","run_id":"01KYNGP9HX0QW4KK3Y25Q195EV","step_id":"01KYNGP9HXYSQP0NWY3FFCZ0NE","node_key":"demo.canvas.N4","err":{"type":"Error","message":"demo executor: fallo inyectado","stack":"Error: demo executor: fallo inyectado\n    at <anonymous> (/Users/carlosvillu/Developer/__GARBAGE__/UGC_Ads/apps/worker/src/executors/demo.ts:98:13)\n    at async <anonymous> (/Users/carlosvillu/Developer/__GARBAGE__/UGC_Ads/apps/worker/src/consumers/step-execute.ts:190:9)\n    at async resolveWithinSeconds (file:///Users/carlosvillu/Developer/__GARBAGE__/UGC_Ads/node_modules/.pnpm/pg-boss@12.25.1/node_modules/pg-boss/dist/tools.js:38:18)\n    at async #processJobs (file:///Users/carlosvillu/Developer/__GARBAGE__/UGC_Ads/node_modules/.pnpm/pg-boss@12.25.1/node_modules/pg-boss/dist/manager.js:421:28)\n    at async Worker.onFetch (file:///Users/carlosvillu/Developer/__GARBAGE__/UGC_Ads/node_modules/.pnpm/pg-boss@12.25.1/node_modules/pg-boss/dist/manager.js:577:21)\n    at async Worker.run (file:///Users/carlosvillu/Developer/__GARBAGE__/UGC_Ads/node_modules/.pnpm/pg-boss@12.25.1/node_modules/pg-boss/dist/worker.js:60:21)"},"msg":"step.execute: executor falló; evaluando retry"}
[WebServer] {"level":30,"time":1785281079667,"pid":91663,"hostname":"MBP-de-Carlos","name":"web","request_id":"bf2d1fb7-69e1-49f5-9f50-ce0ae5de1e49","run_id":"01KYNGPST5PX78HVM96ZJ1XDWK","steps":6,"msg":"run creado"}
[WebServer] {"level":30,"time":1785281079772,"pid":91674,"hostname":"MBP-de-Carlos","name":"worker","queue":"step.execute","job_id":"c59f79c6-9485-462a-a015-f8aac75f526d","run_id":"01KYNGP9HX0QW4KK3Y25Q195EV","step_id":"01KYNGP9HXYSQP0NWY3FFCZ0NE","node_key":"demo.canvas.N4","outcome":"retried","msg":"step.execute: reencolado para reintento"}
[WebServer] {"level":30,"time":1785281080022,"pid":91663,"hostname":"MBP-de-Carlos","name":"web","request_id":"8640ed72-0f07-49ee-8481-5a88e0a31096","run_id":"01KYNGPTCE5NHZ7G0EHD7CZRZJ","steps":4,"msg":"run creado"}
[WebServer] {"level":40,"time":1785281080853,"pid":91674,"hostname":"MBP-de-Carlos","name":"worker","queue":"step.execute","job_id":"04f1f953-5fee-4a05-8410-98f19832cdea","run_id":"01KYNGP9HX0QW4KK3Y25Q195EV","step_id":"01KYNGP9HXYSQP0NWY3FFCZ0NE","node_key":"demo.canvas.N4","err":{"type":"Error","message":"demo executor: fallo inyectado","stack":"Error: demo executor: fallo inyectado\n    at <anonymous> (/Users/carlosvillu/Developer/__GARBAGE__/UGC_Ads/apps/worker/src/executors/demo.ts:98:13)\n    at async <anonymous> (/Users/carlosvillu/Developer/__GARBAGE__/UGC_Ads/apps/worker/src/consumers/step-execute.ts:190:9)\n    at async resolveWithinSeconds (file:///Users/carlosvillu/Developer/__GARBAGE__/UGC_Ads/node_modules/.pnpm/pg-boss@12.25.1/node_modules/pg-boss/dist/tools.js:38:18)\n    at async #processJobs (file:///Users/carlosvillu/Developer/__GARBAGE__/UGC_Ads/node_modules/.pnpm/pg-boss@12.25.1/node_modules/pg-boss/dist/manager.js:421:28)\n    at async Worker.onFetch (file:///Users/carlosvillu/Developer/__GARBAGE__/UGC_Ads/node_modules/.pnpm/pg-boss@12.25.1/node_modules/pg-boss/dist/manager.js:577:21)\n    at async Worker.run (file:///Users/carlosvillu/Developer/__GARBAGE__/UGC_Ads/node_modules/.pnpm/pg-boss@12.25.1/node_modules/pg-boss/dist/worker.js:60:21)"},"msg":"step.execute: executor falló; evaluando retry"}
[WebServer] {"level":30,"time":1785281081099,"pid":91674,"hostname":"MBP-de-Carlos","name":"worker","queue":"step.execute","job_id":"04f1f953-5fee-4a05-8410-98f19832cdea","run_id":"01KYNGP9HX0QW4KK3Y25Q195EV","step_id":"01KYNGP9HXYSQP0NWY3FFCZ0NE","node_key":"demo.canvas.N4","outcome":"exhausted","msg":"step.execute: reintentos agotados, failed terminal"}
[WebServer] {"level":30,"time":1785281081344,"pid":91663,"hostname":"MBP-de-Carlos","name":"web","request_id":"37432d78-e2c7-4458-bf23-2f271bb84074","step_id":"01KYNGP9HXYSQP0NWY3FFCZ0NE","msg":"step reintentado manualmente"}
  ✓  68 [chromium] › e2e/runs-canvas.spec.ts:301:3 › canvas: títulos, visor del artefacto y controles (T1.16) › con CP1 abierto el lienzo se comprime pero N2 sigue alcanzable (fit/zoom) @f1 (8.7s)
[WebServer] {"level":30,"time":1785281082082,"pid":91663,"hostname":"MBP-de-Carlos","name":"web","request_id":"6d89c210-c1a9-44bc-952f-d687566c4e48","step_id":"01KYNGPST5M9T7ENHEHCS8X90H","msg":"checkpoint aprobado"}
[WebServer] {"level":30,"time":1785281082186,"pid":91663,"hostname":"MBP-de-Carlos","name":"web","request_id":"cf5e9480-4e1e-4263-a40b-da5862ab11af","step_id":"01KYNGPTCEEEKB82DGXWFEBRKE","msg":"checkpoint aprobado"}
  ✓  62 [chromium] › e2e/runs-canvas.spec.ts:98:3 › canvas del run (T0.11) › fallo: ver el error en el visor y reintentar con éxito @f0 (20.4s)
  ✓  71 [chromium] › e2e/runs-list.spec.ts:217:3 › listado de runs /runs (T1.17) › lista los runs con ESTADOS DISTINTOS (aunque pipeline_run.status diga pending en los dos) @f1 (434ms)
[WebServer] {"level":30,"time":1785281083550,"pid":91663,"hostname":"MBP-de-Carlos","name":"web","request_id":"8665f459-d5fa-439a-8567-4e89ee8d950a","step_id":"01KYNGPTCEJPBRQK8S9Q7DCM9T","decision_kind":"matrix","next_run_id":"01KYNGPXZC4CHYKGTQ7EKRE58P","msg":"checkpoint aprobado"}
[WebServer] {"level":30,"time":1785281083692,"pid":91663,"hostname":"MBP-de-Carlos","name":"web","request_id":"ce41dbf3-cc7d-4fe4-b05c-cbe363287288","run_id":"01KYNGPY5JDKB3NCXRJCHJPYHE","steps":4,"msg":"run creado"}
  ✓  73 [chromium] › e2e/runs-list.spec.ts:266:3 › listado de runs /runs (T1.17) › el click en una fila lleva al CANVAS de ESE run @f1 (863ms)
  ✓  69 [chromium] › e2e/runs-canvas.spec.ts:334:3 › canvas: títulos, visor del artefacto y controles (T1.16) › la caja de output abre la modal con el artefacto COMPLETO (lo que el excerpt trunca) @f1 (5.4s)
[WebServer] {"level":30,"time":1785281084780,"pid":91663,"hostname":"MBP-de-Carlos","name":"web","request_id":"c57a8cb6-e76d-4038-8d33-84b20438c890","step_id":"01KYNGPST5PX9WT2EP03146VYS","msg":"checkpoint aprobado"}
  ✓  74 [chromium] › e2e/runs-list.spec.ts:276:3 › listado de runs /runs (T1.17) › se llega al listado desde la nav global, sin escribir ninguna URL @f1 (910ms)
[WebServer] {"level":30,"time":1785281084917,"pid":91663,"hostname":"MBP-de-Carlos","name":"web","request_id":"b81939ee-e6d8-42f8-8905-02f4e732ad5f","run_id":"01KYNGPZDRSTBVAH8P6HEBMSQB","steps":4,"msg":"run creado"}
[WebServer] {"level":40,"time":1785281085265,"pid":91674,"hostname":"MBP-de-Carlos","name":"worker","queue":"step.execute","job_id":"df032295-bcf9-416d-ac02-8b259f6290c0","run_id":"01KYNGPST5PX78HVM96ZJ1XDWK","step_id":"01KYNGPST58FB9E3WDA5HRQZY2","node_key":"demo.canvas.N4","err":{"type":"Error","message":"N3: config inválida: [{\"code\":\"invalid_type\",\"path\":[\"angles\",0,\"hook\"],\"message\":\"Required\"}] [{\"code\":\"invalid_type\",\"path\":[\"angles\",1,\"hook\"],\"message\":\"Required\"}] [{\"code\":\"invalid_type\",\"path\":[\"angles\",2,\"hook\"],\"message\":\"Required\"}] [{\"code\":\"invalid_type\",\"path\":[\"angles\",3,\"hook\"],\"message\":\"Required\"}] [{\"code\":\"invalid_type\",\"path\":[\"angles\",4,\"hook\"],\"message\":\"Required\"}] [{\"code\":\"invalid_type\",\"path\":[\"angles\",5,\"hook\"],\"message\":\"Required\"}] [{\"code\":\"invalid_type\",\"path\":[\"angles\",6,\"hook\"],\"message\":\"Required\"}] [{\"code\":\"invalid_type\",\"path\":[\"angles\",7,\"hook\"],\"message\":\"Required\"}] ULTIMO_ISSUE_DEL_VOLCADO","stack":"Error: N3: config inválida: [{\"code\":\"invalid_type\",\"path\":[\"angles\",0,\"hook\"],\"message\":\"Required\"}] [{\"code\":\"invalid_type\",\"path\":[\"angles\",1,\"hook\"],\"message\":\"Required\"}] [{\"code\":\"invalid_type\",\"path\":[\"angles\",2,\"hook\"],\"message\":\"Required\"}] [{\"code\":\"invalid_type\",\"path\":[\"angles\",3,\"hook\"],\"message\":\"Required\"}] [{\"code\":\"invalid_type\",\"path\":[\"angles\",4,\"hook\"],\"message\":\"Required\"}] [{\"code\":\"invalid_type\",\"path\":[\"angles\",5,\"hook\"],\"message\":\"Required\"}] [{\"code\":\"invalid_type\",\"path\":[\"angles\",6,\"hook\"],\"message\":\"Required\"}] [{\"code\":\"invalid_type\",\"path\":[\"angles\",7,\"hook\"],\"message\":\"Required\"}] ULTIMO_ISSUE_DEL_VOLCADO\n    at <anonymous> (/Users/carlosvillu/Developer/__GARBAGE__/UGC_Ads/apps/worker/src/executors/demo.ts:98:13)\n    at async <anonymous> (/Users/carlosvillu/Developer/__GARBAGE__/UGC_Ads/apps/worker/src/consumers/step-execute.ts:190:9)\n    at async resolveWithinSeconds (file:///Users/carlosvillu/Developer/__GARBAGE__/UGC_Ads/node_modules/.pnpm/pg-boss@12.25.1/node_modules/pg-boss/dist/tools.js:38:18)\n    at async #processJobs (file:///Users/carlosvillu/Developer/__GARBAGE__/UGC_Ads/node_modules/.pnpm/pg-boss@12.25.1/node_modules/pg-boss/dist/manager.js:421:28)\n    at async Worker.onFetch (file:///Users/carlosvillu/Developer/__GARBAGE__/UGC_Ads/node_modules/.pnpm/pg-boss@12.25.1/node_modules/pg-boss/dist/manager.js:577:21)\n    at async Worker.run (file:///Users/carlosvillu/Developer/__GARBAGE__/UGC_Ads/node_modules/.pnpm/pg-boss@12.25.1/node_modules/pg-boss/dist/worker.js:60:21)"},"msg":"step.execute: executor falló; evaluando retry"}
[WebServer] {"level":30,"time":1785281085611,"pid":91674,"hostname":"MBP-de-Carlos","name":"worker","queue":"step.execute","job_id":"df032295-bcf9-416d-ac02-8b259f6290c0","run_id":"01KYNGPST5PX78HVM96ZJ1XDWK","step_id":"01KYNGPST58FB9E3WDA5HRQZY2","node_key":"demo.canvas.N4","outcome":"retried","msg":"step.execute: reencolado para reintento"}
  ✓  76 [chromium] › e2e/settings.spec.ts:19:3 › /settings (T0.14) › guardar una API key la enmascara, limpia el input y persiste tras reload @f0 (755ms)
[WebServer] {"level":30,"time":1785281085992,"pid":91663,"hostname":"MBP-de-Carlos","name":"web","request_id":"055d0bce-f2f6-462c-b70b-ba156b27b872","step_id":"01KYNGPY5JGMMZCCNTFH7HPDDW","msg":"checkpoint aprobado"}
[WebServer] {"level":40,"time":1785281086170,"pid":91674,"hostname":"MBP-de-Carlos","name":"worker","queue":"step.execute","job_id":"34c8bff6-a5f7-438a-b029-e23646b9d63a","run_id":"01KYNGPST5PX78HVM96ZJ1XDWK","step_id":"01KYNGPST58FB9E3WDA5HRQZY2","node_key":"demo.canvas.N4","err":{"type":"Error","message":"N3: config inválida: [{\"code\":\"invalid_type\",\"path\":[\"angles\",0,\"hook\"],\"message\":\"Required\"}] [{\"code\":\"invalid_type\",\"path\":[\"angles\",1,\"hook\"],\"message\":\"Required\"}] [{\"code\":\"invalid_type\",\"path\":[\"angles\",2,\"hook\"],\"message\":\"Required\"}] [{\"code\":\"invalid_type\",\"path\":[\"angles\",3,\"hook\"],\"message\":\"Required\"}] [{\"code\":\"invalid_type\",\"path\":[\"angles\",4,\"hook\"],\"message\":\"Required\"}] [{\"code\":\"invalid_type\",\"path\":[\"angles\",5,\"hook\"],\"message\":\"Required\"}] [{\"code\":\"invalid_type\",\"path\":[\"angles\",6,\"hook\"],\"message\":\"Required\"}] [{\"code\":\"invalid_type\",\"path\":[\"angles\",7,\"hook\"],\"message\":\"Required\"}] ULTIMO_ISSUE_DEL_VOLCADO","stack":"Error: N3: config inválida: [{\"code\":\"invalid_type\",\"path\":[\"angles\",0,\"hook\"],\"message\":\"Required\"}] [{\"code\":\"invalid_type\",\"path\":[\"angles\",1,\"hook\"],\"message\":\"Required\"}] [{\"code\":\"invalid_type\",\"path\":[\"angles\",2,\"hook\"],\"message\":\"Required\"}] [{\"code\":\"invalid_type\",\"path\":[\"angles\",3,\"hook\"],\"message\":\"Required\"}] [{\"code\":\"invalid_type\",\"path\":[\"angles\",4,\"hook\"],\"message\":\"Required\"}] [{\"code\":\"invalid_type\",\"path\":[\"angles\",5,\"hook\"],\"message\":\"Required\"}] [{\"code\":\"invalid_type\",\"path\":[\"angles\",6,\"hook\"],\"message\":\"Required\"}] [{\"code\":\"invalid_type\",\"path\":[\"angles\",7,\"hook\"],\"message\":\"Required\"}] ULTIMO_ISSUE_DEL_VOLCADO\n    at <anonymous> (/Users/carlosvillu/Developer/__GARBAGE__/UGC_Ads/apps/worker/src/executors/demo.ts:98:13)\n    at async <anonymous> (/Users/carlosvillu/Developer/__GARBAGE__/UGC_Ads/apps/worker/src/consumers/step-execute.ts:190:9)\n    at async resolveWithinSeconds (file:///Users/carlosvillu/Developer/__GARBAGE__/UGC_Ads/node_modules/.pnpm/pg-boss@12.25.1/node_modules/pg-boss/dist/tools.js:38:18)\n    at async #processJobs (file:///Users/carlosvillu/Developer/__GARBAGE__/UGC_Ads/node_modules/.pnpm/pg-boss@12.25.1/node_modules/pg-boss/dist/manager.js:421:28)\n    at async Worker.onFetch (file:///Users/carlosvillu/Developer/__GARBAGE__/UGC_Ads/node_modules/.pnpm/pg-boss@12.25.1/node_modules/pg-boss/dist/manager.js:577:21)\n    at async Worker.run (file:///Users/carlosvillu/Developer/__GARBAGE__/UGC_Ads/node_modules/.pnpm/pg-boss@12.25.1/node_modules/pg-boss/dist/worker.js:60:21)"},"msg":"step.execute: executor falló; evaluando retry"}
  ✓  77 [chromium] › e2e/settings.spec.ts:52:3 › /settings (T0.14) › editar la key la reemplaza (nuevo last4 tras guardar) @f0 (636ms)
[WebServer] {"level":30,"time":1785281086342,"pid":91674,"hostname":"MBP-de-Carlos","name":"worker","queue":"step.execute","job_id":"34c8bff6-a5f7-438a-b029-e23646b9d63a","run_id":"01KYNGPST5PX78HVM96ZJ1XDWK","step_id":"01KYNGPST58FB9E3WDA5HRQZY2","node_key":"demo.canvas.N4","outcome":"retried","msg":"step.execute: reencolado para reintento"}
[WebServer] {"level":40,"time":1785281086845,"pid":91674,"hostname":"MBP-de-Carlos","name":"worker","queue":"step.execute","job_id":"52f1a76d-ca46-4898-a1b8-e4a2429a605b","run_id":"01KYNGPST5PX78HVM96ZJ1XDWK","step_id":"01KYNGPST58FB9E3WDA5HRQZY2","node_key":"demo.canvas.N4","err":{"type":"Error","message":"N3: config inválida: [{\"code\":\"invalid_type\",\"path\":[\"angles\",0,\"hook\"],\"message\":\"Required\"}] [{\"code\":\"invalid_type\",\"path\":[\"angles\",1,\"hook\"],\"message\":\"Required\"}] [{\"code\":\"invalid_type\",\"path\":[\"angles\",2,\"hook\"],\"message\":\"Required\"}] [{\"code\":\"invalid_type\",\"path\":[\"angles\",3,\"hook\"],\"message\":\"Required\"}] [{\"code\":\"invalid_type\",\"path\":[\"angles\",4,\"hook\"],\"message\":\"Required\"}] [{\"code\":\"invalid_type\",\"path\":[\"angles\",5,\"hook\"],\"message\":\"Required\"}] [{\"code\":\"invalid_type\",\"path\":[\"angles\",6,\"hook\"],\"message\":\"Required\"}] [{\"code\":\"invalid_type\",\"path\":[\"angles\",7,\"hook\"],\"message\":\"Required\"}] ULTIMO_ISSUE_DEL_VOLCADO","stack":"Error: N3: config inválida: [{\"code\":\"invalid_type\",\"path\":[\"angles\",0,\"hook\"],\"message\":\"Required\"}] [{\"code\":\"invalid_type\",\"path\":[\"angles\",1,\"hook\"],\"message\":\"Required\"}] [{\"code\":\"invalid_type\",\"path\":[\"angles\",2,\"hook\"],\"message\":\"Required\"}] [{\"code\":\"invalid_type\",\"path\":[\"angles\",3,\"hook\"],\"message\":\"Required\"}] [{\"code\":\"invalid_type\",\"path\":[\"angles\",4,\"hook\"],\"message\":\"Required\"}] [{\"code\":\"invalid_type\",\"path\":[\"angles\",5,\"hook\"],\"message\":\"Required\"}] [{\"code\":\"invalid_type\",\"path\":[\"angles\",6,\"hook\"],\"message\":\"Required\"}] [{\"code\":\"invalid_type\",\"path\":[\"angles\",7,\"hook\"],\"message\":\"Required\"}] ULTIMO_ISSUE_DEL_VOLCADO\n    at <anonymous> (/Users/carlosvillu/Developer/__GARBAGE__/UGC_Ads/apps/worker/src/executors/demo.ts:98:13)\n    at async <anonymous> (/Users/carlosvillu/Developer/__GARBAGE__/UGC_Ads/apps/worker/src/consumers/step-execute.ts:190:9)\n    at async resolveWithinSeconds (file:///Users/carlosvillu/Developer/__GARBAGE__/UGC_Ads/node_modules/.pnpm/pg-boss@12.25.1/node_modules/pg-boss/dist/tools.js:38:18)\n    at async #processJobs (file:///Users/carlosvillu/Developer/__GARBAGE__/UGC_Ads/node_modules/.pnpm/pg-boss@12.25.1/node_modules/pg-boss/dist/manager.js:421:28)\n    at async Worker.onFetch (file:///Users/carlosvillu/Developer/__GARBAGE__/UGC_Ads/node_modules/.pnpm/pg-boss@12.25.1/node_modules/pg-boss/dist/manager.js:577:21)\n    at async Worker.run (file:///Users/carlosvillu/Developer/__GARBAGE__/UGC_Ads/node_modules/.pnpm/pg-boss@12.25.1/node_modules/pg-boss/dist/worker.js:60:21)"},"msg":"step.execute: executor falló; evaluando retry"}
[WebServer] {"level":30,"time":1785281087008,"pid":91674,"hostname":"MBP-de-Carlos","name":"worker","queue":"step.execute","job_id":"8e9cd07e-4f33-4c09-9e8c-0c82824ee542","run_id":"01KYNGPD94GBQ4E0H9Q3T9ASFK","step_id":"01KYNGPD94JAFR0AB6SDDEQ784","node_key":"demo.canvas.N0","msg":"step.execute: cierre sobre step ya no-running: no-op idempotente"}
[WebServer] {"level":30,"time":1785281087083,"pid":91663,"hostname":"MBP-de-Carlos","name":"web","request_id":"d88b3f1c-64c8-494a-8f9a-be5bb9194e50","step_id":"01KYNGPZDRCR8APQZ0B2ZPW2RN","msg":"checkpoint aprobado"}
[WebServer] {"level":30,"time":1785281087223,"pid":91674,"hostname":"MBP-de-Carlos","name":"worker","queue":"step.execute","job_id":"52f1a76d-ca46-4898-a1b8-e4a2429a605b","run_id":"01KYNGPST5PX78HVM96ZJ1XDWK","step_id":"01KYNGPST58FB9E3WDA5HRQZY2","node_key":"demo.canvas.N4","outcome":"retried","msg":"step.execute: reencolado para reintento"}
  ✓  78 [chromium] › e2e/settings.spec.ts:66:3 › /settings (T0.14) › tema, acento y densidad se aplican en vivo y persisten tras reload @f0 (1.0s)
[WebServer] {"level":30,"time":1785281087561,"pid":91663,"hostname":"MBP-de-Carlos","name":"web","request_id":"4d47e249-c472-4d41-8f13-c6a017b5bc43","step_id":"01KYNGPY5J4D3R2TZJSACY48FW","decision_kind":"matrix","next_run_id":"01KYNGQ1ZWARV9TJAT82P7PAVJ","msg":"checkpoint aprobado"}
[WebServer] {"level":40,"time":1785281087757,"pid":91674,"hostname":"MBP-de-Carlos","name":"worker","queue":"step.execute","job_id":"db612090-40d1-4bf2-9e22-5c970b2c320a","run_id":"01KYNGPST5PX78HVM96ZJ1XDWK","step_id":"01KYNGPST58FB9E3WDA5HRQZY2","node_key":"demo.canvas.N4","err":{"type":"Error","message":"N3: config inválida: [{\"code\":\"invalid_type\",\"path\":[\"angles\",0,\"hook\"],\"message\":\"Required\"}] [{\"code\":\"invalid_type\",\"path\":[\"angles\",1,\"hook\"],\"message\":\"Required\"}] [{\"code\":\"invalid_type\",\"path\":[\"angles\",2,\"hook\"],\"message\":\"Required\"}] [{\"code\":\"invalid_type\",\"path\":[\"angles\",3,\"hook\"],\"message\":\"Required\"}] [{\"code\":\"invalid_type\",\"path\":[\"angles\",4,\"hook\"],\"message\":\"Required\"}] [{\"code\":\"invalid_type\",\"path\":[\"angles\",5,\"hook\"],\"message\":\"Required\"}] [{\"code\":\"invalid_type\",\"path\":[\"angles\",6,\"hook\"],\"message\":\"Required\"}] [{\"code\":\"invalid_type\",\"path\":[\"angles\",7,\"hook\"],\"message\":\"Required\"}] ULTIMO_ISSUE_DEL_VOLCADO","stack":"Error: N3: config inválida: [{\"code\":\"invalid_type\",\"path\":[\"angles\",0,\"hook\"],\"message\":\"Required\"}] [{\"code\":\"invalid_type\",\"path\":[\"angles\",1,\"hook\"],\"message\":\"Required\"}] [{\"code\":\"invalid_type\",\"path\":[\"angles\",2,\"hook\"],\"message\":\"Required\"}] [{\"code\":\"invalid_type\",\"path\":[\"angles\",3,\"hook\"],\"message\":\"Required\"}] [{\"code\":\"invalid_type\",\"path\":[\"angles\",4,\"hook\"],\"message\":\"Required\"}] [{\"code\":\"invalid_type\",\"path\":[\"angles\",5,\"hook\"],\"message\":\"Required\"}] [{\"code\":\"invalid_type\",\"path\":[\"angles\",6,\"hook\"],\"message\":\"Required\"}] [{\"code\":\"invalid_type\",\"path\":[\"angles\",7,\"hook\"],\"message\":\"Required\"}] ULTIMO_ISSUE_DEL_VOLCADO\n    at <anonymous> (/Users/carlosvillu/Developer/__GARBAGE__/UGC_Ads/apps/worker/src/executors/demo.ts:98:13)\n    at async <anonymous> (/Users/carlosvillu/Developer/__GARBAGE__/UGC_Ads/apps/worker/src/consumers/step-execute.ts:190:9)\n    at async resolveWithinSeconds (file:///Users/carlosvillu/Developer/__GARBAGE__/UGC_Ads/node_modules/.pnpm/pg-boss@12.25.1/node_modules/pg-boss/dist/tools.js:38:18)\n    at async #processJobs (file:///Users/carlosvillu/Developer/__GARBAGE__/UGC_Ads/node_modules/.pnpm/pg-boss@12.25.1/node_modules/pg-boss/dist/manager.js:421:28)\n    at async Worker.onFetch (file:///Users/carlosvillu/Developer/__GARBAGE__/UGC_Ads/node_modules/.pnpm/pg-boss@12.25.1/node_modules/pg-boss/dist/manager.js:577:21)\n    at async Worker.run (file:///Users/carlosvillu/Developer/__GARBAGE__/UGC_Ads/node_modules/.pnpm/pg-boss@12.25.1/node_modules/pg-boss/dist/worker.js:60:21)"},"msg":"step.execute: executor falló; evaluando retry"}
[WebServer] {"level":30,"time":1785281087991,"pid":91674,"hostname":"MBP-de-Carlos","name":"worker","queue":"step.execute","job_id":"db612090-40d1-4bf2-9e22-5c970b2c320a","run_id":"01KYNGPST5PX78HVM96ZJ1XDWK","step_id":"01KYNGPST58FB9E3WDA5HRQZY2","node_key":"demo.canvas.N4","outcome":"exhausted","msg":"step.execute: reintentos agotados, failed terminal"}
[WebServer] {"level":30,"time":1785281088289,"pid":91663,"hostname":"MBP-de-Carlos","name":"web","request_id":"7512cc2d-301c-43be-864d-c5b8364100fa","step_id":"01KYNGPZDR75D3FBGCGG6ME8EZ","decision_kind":"matrix","next_run_id":"01KYNGQ2Q7QQMDR5C7Y9RRB66K","msg":"checkpoint aprobado"}
  ✓  70 [chromium] › e2e/runs-canvas.spec.ts:409:3 › canvas: títulos, visor del artefacto y controles (T1.16) › la caja de error abre la modal con el error COMPLETO (lo que el excerpt trunca) @f1 (10.0s)
  ✓  79 [chromium] › e2e/variant-review.spec.ts:226:3 › CP4 · revisión de variantes (T5.6) › lista las 3 variantes pausadas, muestra player + overlays de safe zones + resultados de QA @f5 @checkpoint (1.8s)
[WebServer] {"level":30,"time":1785281089413,"pid":91663,"hostname":"MBP-de-Carlos","name":"web","request_id":"0d3111ad-880d-4972-8c1e-54df13888430","step_id":"01KYNGQ1ZVSDAVP31Y51A2VGE8","decision_kind":"scripts","msg":"checkpoint aprobado"}
[WebServer] {"level":30,"time":1785281089788,"pid":91663,"hostname":"MBP-de-Carlos","name":"web","request_id":"c92b7d7f-d76c-49a0-a26d-81aba2276e6e","run_id":"01KYNGQ46JWVXN7PWKFW247NT8","steps":4,"msg":"run creado"}
  ✓  75 [chromium] › e2e/script-editor.spec.ts:211:3 › CP3 · editor de guiones: el arco bloqueante (T2.6) › T5.11: con guiones de menos, CP3 muestra el recuento REAL y NO deja aprobar @f2 @checkpoint (5.6s)
  ✓  72 [chromium] › e2e/script-editor.spec.ts:125:3 › CP3 · editor de guiones: el arco bloqueante (T2.6) › una variante con claim prohibido no se aprueba hasta editar la escena; editada, queda scripted @f2 @checkpoint (7.4s)
[WebServer] {"level":30,"time":1785281091142,"pid":91663,"hostname":"MBP-de-Carlos","name":"web","request_id":"d4f53194-6eb3-4cee-8442-f9a16a79fcda","step_id":"01KYNGQ475KR07N3DAVJ50MW82","msg":"checkpoint rechazado"}
[WebServer] {"level":30,"time":1785281091317,"pid":91663,"hostname":"MBP-de-Carlos","name":"web","request_id":"34c7be4b-cf43-4b77-9154-bb1cf11d45c5","step_id":"01KYNGQ42074HNS6GR31N1ZNFM","msg":"checkpoint aprobado"}
[WebServer] {"level":30,"time":1785281091483,"pid":91663,"hostname":"MBP-de-Carlos","name":"web","request_id":"ebac526b-86a6-4305-b340-72cb8c6290c3","step_id":"01KYNGQ46J7WJRDKY10MX1VHA8","msg":"checkpoint aprobado"}
[WebServer] {"level":30,"time":1785281091580,"pid":91663,"hostname":"MBP-de-Carlos","name":"web","request_id":"4f0984da-df60-407b-b4d4-1e4b3285da89","step_id":"01KYNGQ44BDATMKNP9TF7X8BK9","msg":"checkpoint aprobado"}
  ✓  80 [chromium] › e2e/variant-review.spec.ts:265:3 › CP4 · revisión de variantes (T5.6) › aprobar 2 variantes y rechazar 1 desde el navegador actualiza `ad_variant.status` (cada una por separado) @f5 @checkpoint (2.9s)
[WebServer] {"level":30,"time":1785281092267,"pid":91663,"hostname":"MBP-de-Carlos","name":"web","request_id":"08f1faad-c2e1-40ca-9ce8-7999f4892f1d","event":"voice_preview_generated","generationId":"01KYNGQ6MDS3J2BWQMP7KBTXSJ","assetId":"01KYNGQ6N2NPQZ575TRP35A47Z","ttsCostCents":0,"msg":"preview de voz generado (TTS-only, sin ASR)"}
[WebServer] {"level":30,"time":1785281092406,"pid":91663,"hostname":"MBP-de-Carlos","name":"web","request_id":"f38aa5fd-f080-45ad-8017-8eefe6cca055","event":"voice_preview_generated","generationId":"01KYNGQ6REA4A4QYGPFA1MZTXE","assetId":"01KYNGQ6S90B45Z0E34NHE96BM","ttsCostCents":0,"msg":"preview de voz generado (TTS-only, sin ASR)"}
[WebServer] {"level":30,"time":1785281092712,"pid":91663,"hostname":"MBP-de-Carlos","name":"web","request_id":"5eb6ac07-b20e-479c-ba2e-10cc813818c2","event":"voice_preview_cache_hit","assetId":"01KYNGQ6N2NPQZ575TRP35A47Z","msg":"preview de voz reutilizado de caché (0 coste)"}
[WebServer] {"level":30,"time":1785281092969,"pid":91663,"hostname":"MBP-de-Carlos","name":"web","request_id":"9c24c857-1d9c-479f-a691-323de13cdd4e","event":"voice_preview_cache_hit","assetId":"01KYNGQ6N2NPQZ575TRP35A47Z","msg":"preview de voz reutilizado de caché (0 coste)"}
[WebServer] {"level":30,"time":1785281093315,"pid":91663,"hostname":"MBP-de-Carlos","name":"web","request_id":"40f984a0-dd15-486e-8591-b4681c0669da","event":"voice_preview_cache_hit","assetId":"01KYNGQ6N2NPQZ575TRP35A47Z","msg":"preview de voz reutilizado de caché (0 coste)"}
[WebServer] {"level":30,"time":1785281093639,"pid":91663,"hostname":"MBP-de-Carlos","name":"web","request_id":"04eeef77-7628-4abb-b8f0-d914e631e83e","event":"voice_preview_cache_hit","assetId":"01KYNGQ6N2NPQZ575TRP35A47Z","msg":"preview de voz reutilizado de caché (0 coste)"}
  ✓  81 [chromium] › e2e/voice-preview.spec.ts:151:3 › Preview de voz en CP2/CP3 (T4.6) › CP2: ▶ por persona/idioma reproduce la voz; 5 reproducciones no añaden coste; cambiar idioma es otra muestra @f4 @checkpoint (4.3s)
[WebServer] {"level":30,"time":1785281094036,"pid":91663,"hostname":"MBP-de-Carlos","name":"web","request_id":"16bfa0e1-2dcd-4c14-84aa-c863a8e529c1","run_id":"01KYNGQ8BXTXKDVHK0STJNHP9C","steps":4,"msg":"run creado"}
[WebServer] {"level":30,"time":1785281094657,"pid":91674,"hostname":"MBP-de-Carlos","name":"worker","event":"generation_dedup_hit","generationId":"01KYNGPBHCNZ8ETJYBZQEEFHFW","assetId":"01KYNGPBJTG0HQ39RNC43ZNVCT","msg":"generación reutilizada de una completed idéntica (0 coste)"}
[WebServer] {"level":30,"time":1785281094802,"pid":91674,"hostname":"MBP-de-Carlos","name":"worker","event":"generation_dedup_hit","generationId":"01KYNGPBFXZ9VPGZN647TBJ6KZ","assetId":"01KYNGPBH6JX0NFFM1Q5TCKEAF","msg":"generación reutilizada de una completed idéntica (0 coste)"}
[WebServer] {"level":30,"time":1785281094807,"pid":91674,"hostname":"MBP-de-Carlos","name":"worker","event":"generation_dedup_hit","generationId":"01KYNGPBK69Y9ZJMVJ8MZEHHVR","assetId":"01KYNGPBN3Q24R1CA79ZJ61Q33","msg":"generación reutilizada de una completed idéntica (0 coste)"}
[WebServer] {"level":30,"time":1785281094877,"pid":91674,"hostname":"MBP-de-Carlos","name":"worker","event":"fal_input_cache_hit","assetId":"01KYNGPBH6JX0NFFM1Q5TCKEAF","falUrl":"http://127.0.0.1:53942/fal-cdn/files/fake-input-37","msg":"fal storage cache-hit: input reutilizado sin re-subir"}
[WebServer] {"level":30,"time":1785281094877,"pid":91674,"hostname":"MBP-de-Carlos","name":"worker","event":"fal_input_cache_hit","assetId":"01KYNGPBN3Q24R1CA79ZJ61Q33","falUrl":"http://127.0.0.1:53942/fal-cdn/files/fake-input-36","msg":"fal storage cache-hit: input reutilizado sin re-subir"}
[WebServer] {"level":30,"time":1785281094887,"pid":91674,"hostname":"MBP-de-Carlos","name":"worker","event":"generation_dedup_hit","generationId":"01KYNGPCNJ4WMW07S9D0VCGKK2","assetId":"01KYNGPCPEPATYCKSXN099VS4Y","msg":"generación reutilizada de una completed idéntica (0 coste)"}
[WebServer] {"level":30,"time":1785281094887,"pid":91674,"hostname":"MBP-de-Carlos","name":"worker","event":"fal_input_cache_hit","assetId":"01KYNGPBH6JX0NFFM1Q5TCKEAF","falUrl":"http://127.0.0.1:53942/fal-cdn/files/fake-input-37","msg":"fal storage cache-hit: input reutilizado sin re-subir"}
[WebServer] {"level":30,"time":1785281094887,"pid":91674,"hostname":"MBP-de-Carlos","name":"worker","event":"fal_input_cache_hit","assetId":"01KYNGPBN3Q24R1CA79ZJ61Q33","falUrl":"http://127.0.0.1:53942/fal-cdn/files/fake-input-36","msg":"fal storage cache-hit: input reutilizado sin re-subir"}
[WebServer] {"level":30,"time":1785281094894,"pid":91674,"hostname":"MBP-de-Carlos","name":"worker","event":"generation_dedup_hit","generationId":"01KYNGPCP0Z5C4XZF6VZR6TNJ9","assetId":"01KYNGPCQ6PF3HK7ZQ7MEZF2TS","msg":"generación reutilizada de una completed idéntica (0 coste)"}
[WebServer] {"level":30,"time":1785281095045,"pid":91663,"hostname":"MBP-de-Carlos","name":"web","request_id":"275848b4-a70d-425e-84d3-32280dbe67f7","step_id":"01KYNGQ8BXGEBCCHCP4W1HXPH6","msg":"checkpoint aprobado"}
[WebServer] {"level":30,"time":1785281095121,"pid":91674,"hostname":"MBP-de-Carlos","name":"worker","event":"generation_dedup_hit","generationId":"01KYNGPBFXZ9VPGZN647TBJ6KZ","assetId":"01KYNGPBH6JX0NFFM1Q5TCKEAF","msg":"generación reutilizada de una completed idéntica (0 coste)"}
[WebServer] {"level":30,"time":1785281095129,"pid":91674,"hostname":"MBP-de-Carlos","name":"worker","event":"generation_dedup_hit","generationId":"01KYNGPBK69Y9ZJMVJ8MZEHHVR","assetId":"01KYNGPBN3Q24R1CA79ZJ61Q33","msg":"generación reutilizada de una completed idéntica (0 coste)"}
[WebServer] {"level":30,"time":1785281095327,"pid":91674,"hostname":"MBP-de-Carlos","name":"worker","event":"fal_input_cache_hit","assetId":"01KYNGPBH6JX0NFFM1Q5TCKEAF","falUrl":"http://127.0.0.1:53942/fal-cdn/files/fake-input-37","msg":"fal storage cache-hit: input reutilizado sin re-subir"}
[WebServer] {"level":30,"time":1785281095327,"pid":91674,"hostname":"MBP-de-Carlos","name":"worker","event":"fal_input_cache_hit","assetId":"01KYNGPBN3Q24R1CA79ZJ61Q33","falUrl":"http://127.0.0.1:53942/fal-cdn/files/fake-input-36","msg":"fal storage cache-hit: input reutilizado sin re-subir"}
[WebServer] {"level":30,"time":1785281095343,"pid":91674,"hostname":"MBP-de-Carlos","name":"worker","event":"generation_dedup_hit","generationId":"01KYNGPCNJ4WMW07S9D0VCGKK2","assetId":"01KYNGPCPEPATYCKSXN099VS4Y","msg":"generación reutilizada de una completed idéntica (0 coste)"}
[WebServer] {"level":30,"time":1785281095431,"pid":91674,"hostname":"MBP-de-Carlos","name":"worker","event":"fal_input_cache_hit","assetId":"01KYNGPBH6JX0NFFM1Q5TCKEAF","falUrl":"http://127.0.0.1:53942/fal-cdn/files/fake-input-37","msg":"fal storage cache-hit: input reutilizado sin re-subir"}
[WebServer] {"level":30,"time":1785281095431,"pid":91674,"hostname":"MBP-de-Carlos","name":"worker","event":"fal_input_cache_hit","assetId":"01KYNGPBN3Q24R1CA79ZJ61Q33","falUrl":"http://127.0.0.1:53942/fal-cdn/files/fake-input-36","msg":"fal storage cache-hit: input reutilizado sin re-subir"}
[WebServer] {"level":30,"time":1785281095457,"pid":91674,"hostname":"MBP-de-Carlos","name":"worker","event":"generation_dedup_hit","generationId":"01KYNGPCP0Z5C4XZF6VZR6TNJ9","assetId":"01KYNGPCQ6PF3HK7ZQ7MEZF2TS","msg":"generación reutilizada de una completed idéntica (0 coste)"}
[WebServer] {"level":30,"time":1785281095561,"pid":91663,"hostname":"MBP-de-Carlos","name":"web","request_id":"bd20e23a-9029-4fd6-8424-b311ade67663","step_id":"01KYNGQ8BXX8R88ZV7B5DQ2DP8","decision_kind":"matrix","next_run_id":"01KYNGQ9V00EJDDS42AW11KWQB","msg":"checkpoint aprobado"}
[WebServer] {"level":30,"time":1785281096043,"pid":91663,"hostname":"MBP-de-Carlos","name":"web","request_id":"7ae26944-05f2-4fe2-9fe1-339027be21b4","event":"voice_preview_generated","generationId":"01KYNGQA82774YYPQQWNVZR6RD","assetId":"01KYNGQAAC3TXMG2W4C31H8XMZ","ttsCostCents":0,"msg":"preview de voz generado (TTS-only, sin ASR)"}
[WebServer] {"level":30,"time":1785281096396,"pid":91663,"hostname":"MBP-de-Carlos","name":"web","request_id":"08aa78df-8a5f-4172-9167-7c9463cca44d","event":"voice_preview_cache_hit","assetId":"01KYNGQAAC3TXMG2W4C31H8XMZ","msg":"preview de voz reutilizado de caché (0 coste)"}
[WebServer] {"level":30,"time":1785281096795,"pid":91663,"hostname":"MBP-de-Carlos","name":"web","request_id":"6213710d-b10c-41cf-adaa-0d394b01cb05","event":"voice_preview_cache_hit","assetId":"01KYNGQAAC3TXMG2W4C31H8XMZ","msg":"preview de voz reutilizado de caché (0 coste)"}
[WebServer] {"level":30,"time":1785281097040,"pid":91663,"hostname":"MBP-de-Carlos","name":"web","request_id":"21eaa017-67d8-4190-a7e9-8a98231d7687","event":"voice_preview_cache_hit","assetId":"01KYNGQAAC3TXMG2W4C31H8XMZ","msg":"preview de voz reutilizado de caché (0 coste)"}
[WebServer] {"level":30,"time":1785281097407,"pid":91663,"hostname":"MBP-de-Carlos","name":"web","request_id":"fa65fd13-4f05-4e58-b39a-dcdec869aef8","event":"voice_preview_cache_hit","assetId":"01KYNGQAAC3TXMG2W4C31H8XMZ","msg":"preview de voz reutilizado de caché (0 coste)"}
  ✓  82 [chromium] › e2e/voice-preview.spec.ts:205:3 › Preview de voz en CP2/CP3 (T4.6) › CP3: ▶ en la tarjeta de variante reproduce la voz de su persona en su idioma; reutiliza sin coste @f4 @checkpoint (5.0s)
[WebServer] {"level":30,"time":1785281101751,"pid":91663,"hostname":"MBP-de-Carlos","name":"web","request_id":"40a1241c-11f9-49c8-809f-59fcc3ee42dc","step_id":"01KYNGP99PVVFBB74F46QEGNJS","msg":"checkpoint aprobado"}
[WebServer] {"level":30,"time":1785281101774,"pid":91663,"hostname":"MBP-de-Carlos","name":"web","request_id":"4cd26bba-683b-48e0-9813-064d0af788e8","step_id":"01KYNGP99SPY3DJ5VPPQDM6F43","msg":"checkpoint aprobado"}
[WebServer] {"level":30,"time":1785281101793,"pid":91663,"hostname":"MBP-de-Carlos","name":"web","request_id":"a7825607-5797-4042-a0c5-e56a4e5f127b","step_id":"01KYNGP99SHS7Q1673KZF2T9DR","msg":"checkpoint aprobado"}
[WebServer] {"level":30,"time":1785281101819,"pid":91663,"hostname":"MBP-de-Carlos","name":"web","request_id":"6700daa3-982e-4c23-9cef-888416a99ef2","step_id":"01KYNGP99P1K102WDA08K4DRXK","msg":"checkpoint aprobado"}
[WebServer] {"level":30,"time":1785281101838,"pid":91663,"hostname":"MBP-de-Carlos","name":"web","request_id":"5ff7232f-d1a8-4a53-9ba7-bc1b3f07ce70","step_id":"01KYNGP99RZ96YB57Y2C21V9VF","msg":"checkpoint aprobado"}
[WebServer] {"level":30,"time":1785281101861,"pid":91663,"hostname":"MBP-de-Carlos","name":"web","request_id":"96b24068-873b-4d3e-82b5-9c8e574950ac","step_id":"01KYNGP99V31CSN6XJF2NR2WZ2","msg":"checkpoint aprobado"}
  ✓  56 [chromium] › e2e/phases/f4-generation.spec.ts:95:3 › F4 · journey de generación: CP3 aprobado → sub-DAG N6→N7a-e por variante en el canvas › el canvas expande N7 por variante, expone resolvedPrompt/coste/previews y recupera un sub-step con retry granular @f4 @phase (49.1s)
  ✓  83 [spend] › e2e/spend.spec.ts:87:3 › panel de gasto /spend (T0.12) › muestra totales por proveedor con la suma exacta @f0 (287ms)
  ✓  84 [spend] › e2e/spend.spec.ts:98:3 › panel de gasto /spend (T0.12) › muestra totales por día con la suma exacta @f0 (256ms)
seed: persona «Nora Normal Premium» ← imagen sintética 1638×2048 px (personas/01KYNGQK8YTEGA4SVG8M7GVXWN/01KYNGQKAZCQAAQE0X90Z9M2C5.png)
seed: persona «Nora Regen Premium» ← imagen sintética 1638×2048 px (personas/01KYNGQK9TGPJXM777YBQCAEW9/01KYNGQKBV0TT0WTQ83NTZABN3.png)
seed: persona «Nora F5 Export» ← imagen sintética 1638×2048 px (personas/01KYNGQKB0S3AFAXNFTJC0VG6Q/01KYNGQKCQQ9ATAACVK5FXX9AN.png)
  ✓  89 [spend] › e2e/spend.spec.ts:109:3 › panel de gasto /spend (T0.12) › un presupuesto por debajo del gasto dispara la alerta in-app @f0 (235ms)
[WebServer] {"level":30,"time":1785281105967,"pid":91663,"hostname":"MBP-de-Carlos","name":"web","request_id":"ba3e74f8-7010-406d-9449-583b84f6bcd2","analysis_id":"01KYNGN3A2RXAZ0H75F58D3MS2","project_id":"01KYNGN2PCHP4CNVZW600RAVD8","reused":true,"source":"manual","msg":"intake manual reutilizado (caché)"}
[WebServer] {"level":30,"time":1785281106117,"pid":91663,"hostname":"MBP-de-Carlos","name":"web","request_id":"2f6481fc-327c-49ba-b1f2-57ed426ccaee","run_id":"01KYNGQM1JW7S5J1XG246BMEHW","steps":4,"msg":"run creado"}
[WebServer] {"level":30,"time":1785281106319,"pid":91663,"hostname":"MBP-de-Carlos","name":"web","request_id":"49bdc189-53df-4dcc-a9d8-8d36c1097882","step_id":"01KYNGQM7DNWPP7ZRXZJTVEDV1","decision_kind":"scripts","next_run_id":"01KYNGQMBV38JZ36W59TVX2DZ3","msg":"checkpoint aprobado"}
[WebServer] {"level":30,"time":1785281106320,"pid":91663,"hostname":"MBP-de-Carlos","name":"web","request_id":"76ee382c-a64d-4109-9fd7-0225d487df53","step_id":"01KYNGQM5H6AZK0N9PYCWTGCHS","decision_kind":"scripts","next_run_id":"01KYNGQMBSC1E1SH4D1T1PHDK2","msg":"checkpoint aprobado"}
[WebServer] {"level":30,"time":1785281106333,"pid":91663,"hostname":"MBP-de-Carlos","name":"web","request_id":"680c7331-09a8-47fa-8763-0d2fcbce64b1","step_id":"01KYNGQM37HB8WZ4E4CHDPT646","decision_kind":"scripts","next_run_id":"01KYNGQMBZ89XA2NFKARH2J7GX","msg":"checkpoint aprobado"}
[WebServer] {"level":30,"time":1785281106696,"pid":91674,"hostname":"MBP-de-Carlos","name":"worker","event":"generation_dedup_hit","generationId":"01KYNGPBHCNZ8ETJYBZQEEFHFW","assetId":"01KYNGPBJTG0HQ39RNC43ZNVCT","msg":"generación reutilizada de una completed idéntica (0 coste)"}
[WebServer] {"level":40,"time":1785281106815,"pid":91674,"hostname":"MBP-de-Carlos","name":"worker","queue":"step.execute","job_id":"d86df7f5-e8ac-45a3-a3a7-c50e7f4b71c9","run_id":"01KYNGQMBSC1E1SH4D1T1PHDK2","step_id":"01KYNGQMBSQ8301E8GFJTHKAH7","node_key":"N7a","err":{"type":"LoserRaceError","message":"runGenerate: una generación idéntico se está produciendo en otra petición concurrente; reintenta","stack":"LoserRaceError: runGenerate: una generación idéntico se está produciendo en otra petición concurrente; reintenta\n    at resolveProductionDedup (/Users/carlosvillu/Developer/__GARBAGE__/UGC_Ads/packages/services/src/generation-dedup.ts:114:9)\n    at process.processTicksAndRejections (node:internal/process/task_queues:105:5)\n    at async runGenerate (/Users/carlosvillu/Developer/__GARBAGE__/UGC_Ads/packages/services/src/generate.ts:173:17)\n    at async runGenerationStep (/Users/carlosvillu/Developer/__GARBAGE__/UGC_Ads/apps/worker/src/executors/_shared.ts:104:12)\n    at async runShotLoop (/Users/carlosvillu/Developer/__GARBAGE__/UGC_Ads/apps/worker/src/executors/generation.ts:225:17)\n    at async runAiPackshotRoute (/Users/carlosvillu/Developer/__GARBAGE__/UGC_Ads/apps/worker/src/executors/generation.ts:273:17)\n    at async <anonymous> (/Users/carlosvillu/Developer/__GARBAGE__/UGC_Ads/apps/worker/src/executors/generation.ts:175:11)\n    at async <anonymous> (/Users/carlosvillu/Developer/__GARBAGE__/UGC_Ads/apps/worker/src/consumers/step-execute.ts:190:9)\n    at async resolveWithinSeconds (file:///Users/carlosvillu/Developer/__GARBAGE__/UGC_Ads/node_modules/.pnpm/pg-boss@12.25.1/node_modules/pg-boss/dist/tools.js:38:18)\n    at async #processJobs (file:///Users/carlosvillu/Developer/__GARBAGE__/UGC_Ads/node_modules/.pnpm/pg-boss@12.25.1/node_modules/pg-boss/dist/manager.js:421:28)","name":"LoserRaceError"},"msg":"step.execute: executor falló; evaluando retry"}
[WebServer] {"level":50,"time":1785281106840,"pid":91674,"hostname":"MBP-de-Carlos","name":"worker","queue":"step.execute","job_id":"15f13378-e37f-40fe-a892-c317ae1a5120","run_id":"01KYNGQMBV38JZ36W59TVX2DZ3","step_id":"01KYNGQMBVWDJWR92FT8A1DSJG","node_key":"N7a","err":{"type":"PermanentStepError","message":"finalizeGeneration: el output de la generación 01KYNGQMT1MB1T0CCDEYXG6KJ8 no trae images[]: {}","stack":"PermanentStepError: finalizeGeneration: el output de la generación 01KYNGQMT1MB1T0CCDEYXG6KJ8 no trae images[]: {}\n    at runGenerationStep (/Users/carlosvillu/Developer/__GARBAGE__/UGC_Ads/apps/worker/src/executors/_shared.ts:109:13)\n    at process.processTicksAndRejections (node:internal/process/task_queues:105:5)\n    at async runShotLoop (/Users/carlosvillu/Developer/__GARBAGE__/UGC_Ads/apps/worker/src/executors/generation.ts:225:17)\n    at async runAiPackshotRoute (/Users/carlosvillu/Developer/__GARBAGE__/UGC_Ads/apps/worker/src/executors/generation.ts:273:17)\n    at async <anonymous> (/Users/carlosvillu/Developer/__GARBAGE__/UGC_Ads/apps/worker/src/executors/generation.ts:175:11)\n    at async <anonymous> (/Users/carlosvillu/Developer/__GARBAGE__/UGC_Ads/apps/worker/src/consumers/step-execute.ts:190:9)\n    at async resolveWithinSeconds (file:///Users/carlosvillu/Developer/__GARBAGE__/UGC_Ads/node_modules/.pnpm/pg-boss@12.25.1/node_modules/pg-boss/dist/tools.js:38:18)\n    at async #processJobs (file:///Users/carlosvillu/Developer/__GARBAGE__/UGC_Ads/node_modules/.pnpm/pg-boss@12.25.1/node_modules/pg-boss/dist/manager.js:421:28)\n    at async Worker.onFetch (file:///Users/carlosvillu/Developer/__GARBAGE__/UGC_Ads/node_modules/.pnpm/pg-boss@12.25.1/node_modules/pg-boss/dist/manager.js:577:21)\n    at async Worker.run (file:///Users/carlosvillu/Developer/__GARBAGE__/UGC_Ads/node_modules/.pnpm/pg-boss@12.25.1/node_modules/pg-boss/dist/worker.js:60:21)","name":"PermanentStepError"},"msg":"step.execute: fallo PERMANENTE del executor; failed terminal SIN retry"}
[WebServer] {"level":30,"time":1785281106851,"pid":91674,"hostname":"MBP-de-Carlos","name":"worker","event":"fal_audio_generation_finalized","generationId":"01KYNGQMV3Q7HNRP8MA4XJBBSZ","assetId":"01KYNGQMWATM1RWCXC93BG0QN8","ttsCostCents":0,"asrCostCents":0,"durationSeconds":1.8,"wordCount":4,"alreadyFinalized":false,"msg":"voiceover generado: TTS descargado, ASR sellado, cobertura 100%, completed"}
[WebServer] {"level":30,"time":1785281106863,"pid":91674,"hostname":"MBP-de-Carlos","name":"worker","event":"generation_dedup_hit","generationId":"01KYNGPBHCNZ8ETJYBZQEEFHFW","assetId":"01KYNGPBJTG0HQ39RNC43ZNVCT","msg":"generación reutilizada de una completed idéntica (0 coste)"}
[WebServer] {"level":30,"time":1785281106867,"pid":91674,"hostname":"MBP-de-Carlos","name":"worker","event":"generation_dedup_hit","generationId":"01KYNGQMV3Q7HNRP8MA4XJBBSZ","assetId":"01KYNGQMWATM1RWCXC93BG0QN8","msg":"generación reutilizada de una completed idéntica (0 coste)"}
[WebServer] {"level":30,"time":1785281106873,"pid":91674,"hostname":"MBP-de-Carlos","name":"worker","queue":"step.execute","job_id":"d86df7f5-e8ac-45a3-a3a7-c50e7f4b71c9","run_id":"01KYNGQMBSC1E1SH4D1T1PHDK2","step_id":"01KYNGQMBSQ8301E8GFJTHKAH7","node_key":"N7a","outcome":"retried","msg":"step.execute: reencolado para reintento"}
[WebServer] {"level":40,"time":1785281106875,"pid":91674,"hostname":"MBP-de-Carlos","name":"worker","queue":"step.execute","job_id":"f9f0898a-ea8f-4634-80b1-57e51115ad27","run_id":"01KYNGQMBV38JZ36W59TVX2DZ3","step_id":"01KYNGQMBVW1XTKZM637SH0SNW","node_key":"N7b","err":{"type":"LoserRaceError","message":"runGenerateAudio: un voiceover idéntico se está produciendo en otra petición concurrente; reintenta","stack":"LoserRaceError: runGenerateAudio: un voiceover idéntico se está produciendo en otra petición concurrente; reintenta\n    at resolveProductionDedup (/Users/carlosvillu/Developer/__GARBAGE__/UGC_Ads/packages/services/src/generation-dedup.ts:114:9)\n    at process.processTicksAndRejections (node:internal/process/task_queues:105:5)\n    at async runGenerateAudio (/Users/carlosvillu/Developer/__GARBAGE__/UGC_Ads/packages/services/src/generate-audio.ts:534:17)\n    at async runGenerationStep (/Users/carlosvillu/Developer/__GARBAGE__/UGC_Ads/apps/worker/src/executors/_shared.ts:104:12)\n    at async <anonymous> (/Users/carlosvillu/Developer/__GARBAGE__/UGC_Ads/apps/worker/src/executors/generate-voice.ts:119:19)\n    at async <anonymous> (/Users/carlosvillu/Developer/__GARBAGE__/UGC_Ads/apps/worker/src/consumers/step-execute.ts:190:9)\n    at async resolveWithinSeconds (file:///Users/carlosvillu/Developer/__GARBAGE__/UGC_Ads/node_modules/.pnpm/pg-boss@12.25.1/node_modules/pg-boss/dist/tools.js:38:18)\n    at async #processJobs (file:///Users/carlosvillu/Developer/__GARBAGE__/UGC_Ads/node_modules/.pnpm/pg-boss@12.25.1/node_modules/pg-boss/dist/manager.js:421:28)\n    at async Worker.onFetch (file:///Users/carlosvillu/Developer/__GARBAGE__/UGC_Ads/node_modules/.pnpm/pg-boss@12.25.1/node_modules/pg-boss/dist/manager.js:577:21)\n    at async Worker.run (file:///Users/carlosvillu/Developer/__GARBAGE__/UGC_Ads/node_modules/.pnpm/pg-boss@12.25.1/node_modules/pg-boss/dist/worker.js:60:21)","name":"LoserRaceError"},"msg":"step.execute: executor falló; evaluando retry"}
[WebServer] {"level":30,"time":1785281106896,"pid":91674,"hostname":"MBP-de-Carlos","name":"worker","event":"fal_audio_generation_finalized","generationId":"01KYNGQMXE2Y0MKE6PX2TFRJ84","assetId":"01KYNGQMY3APPFNR9DR4C7EJK5","ttsCostCents":0,"asrCostCents":0,"durationSeconds":1.8,"wordCount":4,"alreadyFinalized":false,"msg":"voiceover generado: TTS descargado, ASR sellado, cobertura 100%, completed"}
[WebServer] {"level":30,"time":1785281106912,"pid":91674,"hostname":"MBP-de-Carlos","name":"worker","queue":"step.execute","job_id":"f9f0898a-ea8f-4634-80b1-57e51115ad27","run_id":"01KYNGQMBV38JZ36W59TVX2DZ3","step_id":"01KYNGQMBVW1XTKZM637SH0SNW","node_key":"N7b","outcome":"retried","msg":"step.execute: reencolado para reintento"}
[WebServer] {"level":30,"time":1785281106929,"pid":91674,"hostname":"MBP-de-Carlos","name":"worker","event":"fal_audio_generation_finalized","generationId":"01KYNGQMYQYSH5SB4WQRCYR56B","assetId":"01KYNGQMZ9SJTWXE3MCG129BGN","ttsCostCents":0,"asrCostCents":0,"durationSeconds":1.8,"wordCount":4,"alreadyFinalized":false,"msg":"voiceover generado: TTS descargado, ASR sellado, cobertura 100%, completed"}
[WebServer] {"level":30,"time":1785281106938,"pid":91674,"hostname":"MBP-de-Carlos","name":"worker","event":"fal_generation_finalized","generationId":"01KYNGQMZBKAVJ30XFZPPTS7ZG","assetId":"01KYNGQMZN31JTQA074XR3N7TA","costCents":1,"msg":"generación finalizada: output descargado, coste registrado, completed"}
[WebServer] {"level":30,"time":1785281106977,"pid":91674,"hostname":"MBP-de-Carlos","name":"worker","event":"fal_generation_finalized","generationId":"01KYNGQN00YAYSXTM1PJQAHX4W","assetId":"01KYNGQN0X6Z3E2PA224QECRYM","costCents":1,"msg":"generación finalizada: output descargado, coste registrado, completed"}
[WebServer] {"level":30,"time":1785281107021,"pid":91674,"hostname":"MBP-de-Carlos","name":"worker","event":"generation_dedup_hit","generationId":"01KYNGPBHCNZ8ETJYBZQEEFHFW","assetId":"01KYNGPBJTG0HQ39RNC43ZNVCT","msg":"generación reutilizada de una completed idéntica (0 coste)"}
[WebServer] {"level":30,"time":1785281107109,"pid":91674,"hostname":"MBP-de-Carlos","name":"worker","event":"generation_dedup_hit","generationId":"01KYNGQMV3Q7HNRP8MA4XJBBSZ","assetId":"01KYNGQMWATM1RWCXC93BG0QN8","msg":"generación reutilizada de una completed idéntica (0 coste)"}
[WebServer] {"level":30,"time":1785281107110,"pid":91674,"hostname":"MBP-de-Carlos","name":"worker","event":"fal_input_cache_hit","assetId":"01KYNGP0WF2Z37MZR7G1PKV48R","falUrl":"http://127.0.0.1:53942/fal-cdn/files/fake-input-47","msg":"fal storage cache-hit: input reutilizado sin re-subir"}
[WebServer] {"level":30,"time":1785281107116,"pid":91674,"hostname":"MBP-de-Carlos","name":"worker","event":"fal_input_upload","assetId":"01KYNGQMWATM1RWCXC93BG0QN8","falUrl":"http://127.0.0.1:53942/fal-cdn/files/fake-input-67","bytes":3244,"msg":"fal storage upload: input subido por primera vez"}
[WebServer] {"level":30,"time":1785281107118,"pid":91674,"hostname":"MBP-de-Carlos","name":"worker","event":"generation_dedup_hit","generationId":"01KYNGQMXE2Y0MKE6PX2TFRJ84","assetId":"01KYNGQMY3APPFNR9DR4C7EJK5","msg":"generación reutilizada de una completed idéntica (0 coste)"}
[WebServer] {"level":30,"time":1785281107133,"pid":91674,"hostname":"MBP-de-Carlos","name":"worker","event":"generation_dedup_hit","generationId":"01KYNGQMYQYSH5SB4WQRCYR56B","assetId":"01KYNGQMZ9SJTWXE3MCG129BGN","msg":"generación reutilizada de una completed idéntica (0 coste)"}
[WebServer] {"level":30,"time":1785281107148,"pid":91674,"hostname":"MBP-de-Carlos","name":"worker","event":"fal_single_call_per_second_generation_finalized","generationId":"01KYNGQN5DPGAKX1423HEARQWQ","assetId":"01KYNGQN5ZXYBJKS1EV28WHS8B","assetKind":"avatar_clip","costCents":80,"durationSeconds":5,"alreadyFinalized":false,"msg":"asset single-call-per-second generado: descargado, coste por segundo registrado, completed"}
[WebServer] {"level":30,"time":1785281107175,"pid":91663,"hostname":"MBP-de-Carlos","name":"web","request_id":"7a7c3f82-2ac3-495f-8103-4e7cae557f0d","step_id":"01KYNGQM1JVN8DAF9VGQGHMMNV","decision_kind":"brief","msg":"checkpoint aprobado"}
  ✓  85 [f5-export] › e2e/phases/f5-export.spec.ts:319:3 › F5 · journey de export: lote → generación → CP4 → biblioteca → bundle íntegro › (b1) texto libre sin imágenes → CP1 pide imágenes → «Generar packshot con IA» → la decisión persistida es ai_packshot @f5 @phase (1.8s)
[WebServer] {"level":30,"time":1785281107558,"pid":91674,"hostname":"MBP-de-Carlos","name":"worker","event":"fal_input_cache_hit","assetId":"01KYNGP0WF2Z37MZR7G1PKV48R","falUrl":"http://127.0.0.1:53942/fal-cdn/files/fake-input-47","msg":"fal storage cache-hit: input reutilizado sin re-subir"}
[WebServer] {"level":30,"time":1785281107558,"pid":91674,"hostname":"MBP-de-Carlos","name":"worker","event":"fal_input_cache_hit","assetId":"01KYNGQMWATM1RWCXC93BG0QN8","falUrl":"http://127.0.0.1:53942/fal-cdn/files/fake-input-67","msg":"fal storage cache-hit: input reutilizado sin re-subir"}
[WebServer] {"level":30,"time":1785281107563,"pid":91674,"hostname":"MBP-de-Carlos","name":"worker","event":"fal_input_upload","assetId":"01KYNGQMZN31JTQA074XR3N7TA","falUrl":"http://127.0.0.1:53942/fal-cdn/files/fake-input-69","bytes":5935,"msg":"fal storage upload: input subido por primera vez"}
[WebServer] {"level":30,"time":1785281107576,"pid":91674,"hostname":"MBP-de-Carlos","name":"worker","event":"generation_dedup_hit","generationId":"01KYNGQN5DPGAKX1423HEARQWQ","assetId":"01KYNGQN5ZXYBJKS1EV28WHS8B","msg":"generación reutilizada de una completed idéntica (0 coste)"}
[WebServer] {"level":30,"time":1785281107576,"pid":91663,"hostname":"MBP-de-Carlos","name":"web","request_id":"c0f5d8da-fdb4-49bb-841d-d67b8918ffb4","step_id":"01KYNGQMBVWDJWR92FT8A1DSJG","msg":"step reintentado manualmente"}
[WebServer] {"level":30,"time":1785281107583,"pid":91674,"hostname":"MBP-de-Carlos","name":"worker","event":"fal_input_cache_hit","assetId":"01KYNGQMZN31JTQA074XR3N7TA","falUrl":"http://127.0.0.1:53942/fal-cdn/files/fake-input-69","msg":"fal storage cache-hit: input reutilizado sin re-subir"}
[WebServer] {"level":30,"time":1785281107586,"pid":91674,"hostname":"MBP-de-Carlos","name":"worker","event":"fal_input_upload","assetId":"01KYNGQN0X6Z3E2PA224QECRYM","falUrl":"http://127.0.0.1:53942/fal-cdn/files/fake-input-70","bytes":5935,"msg":"fal storage upload: input subido por primera vez"}
[WebServer] {"level":30,"time":1785281107588,"pid":91674,"hostname":"MBP-de-Carlos","name":"worker","event":"fal_input_upload","assetId":"01KYNGQN0X6Z3E2PA224QECRYM","falUrl":"http://127.0.0.1:53942/fal-cdn/files/fake-input-71","bytes":5935,"msg":"fal storage upload: input subido por primera vez"}
[WebServer] {"level":30,"time":1785281107619,"pid":91674,"hostname":"MBP-de-Carlos","name":"worker","event":"fal_single_call_per_second_generation_finalized","generationId":"01KYNGQNM61RCWGJC2021PQ0NN","assetId":"01KYNGQNMQFQYX5XEVN8W4KGN2","assetKind":"cta_clip","costCents":80,"durationSeconds":4,"alreadyFinalized":false,"msg":"asset single-call-per-second generado: descargado, coste por segundo registrado, completed"}
[WebServer] {"level":30,"time":1785281107620,"pid":91674,"hostname":"MBP-de-Carlos","name":"worker","event":"fal_single_call_per_second_generation_finalized","generationId":"01KYNGQNM61H2BZCHFRW44D0BV","assetId":"01KYNGQNMQRXR7YXZZ4RP0RWZ2","assetKind":"broll_clip","costCents":80,"durationSeconds":4,"alreadyFinalized":false,"msg":"asset single-call-per-second generado: descargado, coste por segundo registrado, completed"}
[WebServer] {"level":30,"time":1785281107644,"pid":91674,"hostname":"MBP-de-Carlos","name":"worker","event":"generation_dedup_hit","generationId":"01KYNGQMZBKAVJ30XFZPPTS7ZG","assetId":"01KYNGQMZN31JTQA074XR3N7TA","msg":"generación reutilizada de una completed idéntica (0 coste)"}
[WebServer] {"level":30,"time":1785281107651,"pid":91674,"hostname":"MBP-de-Carlos","name":"worker","event":"generation_dedup_hit","generationId":"01KYNGQN00YAYSXTM1PJQAHX4W","assetId":"01KYNGQN0X6Z3E2PA224QECRYM","msg":"generación reutilizada de una completed idéntica (0 coste)"}
[WebServer] {"level":30,"time":1785281109633,"pid":91663,"hostname":"MBP-de-Carlos","name":"web","request_id":"4fb78ad2-2e36-44c1-89e6-3b8d0141e57b","step_id":"01KYNGQPTKKCQWP3244EY5DW10","next_run_id":"01KYNGQQK440RNHP16NA2Y9D9V","msg":"checkpoint CP4: regeneración parcial arrancada"}
[WebServer] {"level":30,"time":1785281109937,"pid":91674,"hostname":"MBP-de-Carlos","name":"worker","event":"generation_dedup_hit","generationId":"01KYNGPBHCNZ8ETJYBZQEEFHFW","assetId":"01KYNGPBJTG0HQ39RNC43ZNVCT","msg":"generación reutilizada de una completed idéntica (0 coste)"}
[WebServer] {"level":30,"time":1785281109971,"pid":91674,"hostname":"MBP-de-Carlos","name":"worker","event":"generation_dedup_hit","generationId":"01KYNGQMZBKAVJ30XFZPPTS7ZG","assetId":"01KYNGQMZN31JTQA074XR3N7TA","msg":"generación reutilizada de una completed idéntica (0 coste)"}
[WebServer] {"level":30,"time":1785281109989,"pid":91674,"hostname":"MBP-de-Carlos","name":"worker","event":"generation_dedup_hit","generationId":"01KYNGQN00YAYSXTM1PJQAHX4W","assetId":"01KYNGQN0X6Z3E2PA224QECRYM","msg":"generación reutilizada de una completed idéntica (0 coste)"}
[WebServer] {"level":30,"time":1785281110190,"pid":91674,"hostname":"MBP-de-Carlos","name":"worker","event":"generation_dedup_hit","generationId":"01KYNGQMV3Q7HNRP8MA4XJBBSZ","assetId":"01KYNGQMWATM1RWCXC93BG0QN8","msg":"generación reutilizada de una completed idéntica (0 coste)"}
[WebServer] {"level":30,"time":1785281110230,"pid":91674,"hostname":"MBP-de-Carlos","name":"worker","event":"generation_dedup_hit","generationId":"01KYNGQMXE2Y0MKE6PX2TFRJ84","assetId":"01KYNGQMY3APPFNR9DR4C7EJK5","msg":"generación reutilizada de una completed idéntica (0 coste)"}
[WebServer] {"level":30,"time":1785281110350,"pid":91674,"hostname":"MBP-de-Carlos","name":"worker","event":"fal_audio_generation_finalized","generationId":"01KYNGQR7GDGQQ4RDBDA0SW889","assetId":"01KYNGQR99DKYQCQNGMAQ93TFW","ttsCostCents":0,"asrCostCents":0,"durationSeconds":1.8,"wordCount":4,"alreadyFinalized":false,"msg":"voiceover generado: TTS descargado, ASR sellado, cobertura 100%, completed"}
[WebServer] {"level":30,"time":1785281110623,"pid":91674,"hostname":"MBP-de-Carlos","name":"worker","event":"fal_input_cache_hit","assetId":"01KYNGQMZN31JTQA074XR3N7TA","falUrl":"http://127.0.0.1:53942/fal-cdn/files/fake-input-69","msg":"fal storage cache-hit: input reutilizado sin re-subir"}
[WebServer] {"level":30,"time":1785281110623,"pid":91674,"hostname":"MBP-de-Carlos","name":"worker","event":"fal_input_cache_hit","assetId":"01KYNGQN0X6Z3E2PA224QECRYM","falUrl":"http://127.0.0.1:53942/fal-cdn/files/fake-input-71","msg":"fal storage cache-hit: input reutilizado sin re-subir"}
[WebServer] {"level":30,"time":1785281110651,"pid":91674,"hostname":"MBP-de-Carlos","name":"worker","event":"fal_input_cache_hit","assetId":"01KYNGP0WF2Z37MZR7G1PKV48R","falUrl":"http://127.0.0.1:53942/fal-cdn/files/fake-input-47","msg":"fal storage cache-hit: input reutilizado sin re-subir"}
[WebServer] {"level":30,"time":1785281110651,"pid":91674,"hostname":"MBP-de-Carlos","name":"worker","event":"fal_input_cache_hit","assetId":"01KYNGQMWATM1RWCXC93BG0QN8","falUrl":"http://127.0.0.1:53942/fal-cdn/files/fake-input-67","msg":"fal storage cache-hit: input reutilizado sin re-subir"}
[WebServer] {"level":30,"time":1785281110666,"pid":91674,"hostname":"MBP-de-Carlos","name":"worker","event":"generation_dedup_hit","generationId":"01KYNGQNM61H2BZCHFRW44D0BV","assetId":"01KYNGQNMQRXR7YXZZ4RP0RWZ2","msg":"generación reutilizada de una completed idéntica (0 coste)"}
[WebServer] {"level":30,"time":1785281110719,"pid":91674,"hostname":"MBP-de-Carlos","name":"worker","event":"generation_dedup_hit","generationId":"01KYNGQN5DPGAKX1423HEARQWQ","assetId":"01KYNGQN5ZXYBJKS1EV28WHS8B","msg":"generación reutilizada de una completed idéntica (0 coste)"}
[WebServer] {"level":30,"time":1785281110734,"pid":91674,"hostname":"MBP-de-Carlos","name":"worker","event":"fal_input_cache_hit","assetId":"01KYNGQMZN31JTQA074XR3N7TA","falUrl":"http://127.0.0.1:53942/fal-cdn/files/fake-input-69","msg":"fal storage cache-hit: input reutilizado sin re-subir"}
[WebServer] {"level":30,"time":1785281110734,"pid":91674,"hostname":"MBP-de-Carlos","name":"worker","event":"fal_input_cache_hit","assetId":"01KYNGQN0X6Z3E2PA224QECRYM","falUrl":"http://127.0.0.1:53942/fal-cdn/files/fake-input-71","msg":"fal storage cache-hit: input reutilizado sin re-subir"}
[WebServer] {"level":30,"time":1785281110754,"pid":91674,"hostname":"MBP-de-Carlos","name":"worker","event":"generation_dedup_hit","generationId":"01KYNGQNM61RCWGJC2021PQ0NN","assetId":"01KYNGQNMQFQYX5XEVN8W4KGN2","msg":"generación reutilizada de una completed idéntica (0 coste)"}
  ✓  86 [partial-regeneration] › e2e/partial-regeneration.spec.ts:231:3 › CU4 · regeneración parcial (T5.8): cambiar el CTA reutiliza N7a/N7c y regenera la voz del CTA › cambiar el CTA desde CP4 arranca un run kind=regen que reutiliza los assets no afectados y cambia el del CTA @f5 @regen (9.9s)
[WebServer] {"level":30,"time":1785281136938,"pid":91674,"hostname":"MBP-de-Carlos","name":"worker","event":"generation_dedup_hit","generationId":"01KYNGQMZBKAVJ30XFZPPTS7ZG","assetId":"01KYNGQMZN31JTQA074XR3N7TA","msg":"generación reutilizada de una completed idéntica (0 coste)"}
[WebServer] {"level":30,"time":1785281136940,"pid":91674,"hostname":"MBP-de-Carlos","name":"worker","event":"generation_dedup_hit","generationId":"01KYNGQN00YAYSXTM1PJQAHX4W","assetId":"01KYNGQN0X6Z3E2PA224QECRYM","msg":"generación reutilizada de una completed idéntica (0 coste)"}
[WebServer] {"level":30,"time":1785281137062,"pid":91674,"hostname":"MBP-de-Carlos","name":"worker","event":"fal_input_cache_hit","assetId":"01KYNGQMZN31JTQA074XR3N7TA","falUrl":"http://127.0.0.1:53942/fal-cdn/files/fake-input-69","msg":"fal storage cache-hit: input reutilizado sin re-subir"}
[WebServer] {"level":30,"time":1785281137062,"pid":91674,"hostname":"MBP-de-Carlos","name":"worker","event":"fal_input_cache_hit","assetId":"01KYNGQN0X6Z3E2PA224QECRYM","falUrl":"http://127.0.0.1:53942/fal-cdn/files/fake-input-71","msg":"fal storage cache-hit: input reutilizado sin re-subir"}
[WebServer] {"level":30,"time":1785281137066,"pid":91674,"hostname":"MBP-de-Carlos","name":"worker","event":"generation_dedup_hit","generationId":"01KYNGQMV3Q7HNRP8MA4XJBBSZ","assetId":"01KYNGQMWATM1RWCXC93BG0QN8","msg":"generación reutilizada de una completed idéntica (0 coste)"}
[WebServer] {"level":30,"time":1785281137071,"pid":91674,"hostname":"MBP-de-Carlos","name":"worker","event":"fal_input_cache_hit","assetId":"01KYNGQMZN31JTQA074XR3N7TA","falUrl":"http://127.0.0.1:53942/fal-cdn/files/fake-input-69","msg":"fal storage cache-hit: input reutilizado sin re-subir"}
[WebServer] {"level":30,"time":1785281137071,"pid":91674,"hostname":"MBP-de-Carlos","name":"worker","event":"fal_input_cache_hit","assetId":"01KYNGQN0X6Z3E2PA224QECRYM","falUrl":"http://127.0.0.1:53942/fal-cdn/files/fake-input-71","msg":"fal storage cache-hit: input reutilizado sin re-subir"}
[WebServer] {"level":30,"time":1785281137076,"pid":91674,"hostname":"MBP-de-Carlos","name":"worker","event":"generation_dedup_hit","generationId":"01KYNGQNM61H2BZCHFRW44D0BV","assetId":"01KYNGQNMQRXR7YXZZ4RP0RWZ2","msg":"generación reutilizada de una completed idéntica (0 coste)"}
[WebServer] {"level":30,"time":1785281137094,"pid":91674,"hostname":"MBP-de-Carlos","name":"worker","event":"generation_dedup_hit","generationId":"01KYNGQNM61RCWGJC2021PQ0NN","assetId":"01KYNGQNMQFQYX5XEVN8W4KGN2","msg":"generación reutilizada de una completed idéntica (0 coste)"}
[WebServer] {"level":30,"time":1785281137095,"pid":91674,"hostname":"MBP-de-Carlos","name":"worker","event":"generation_dedup_hit","generationId":"01KYNGQMXE2Y0MKE6PX2TFRJ84","assetId":"01KYNGQMY3APPFNR9DR4C7EJK5","msg":"generación reutilizada de una completed idéntica (0 coste)"}
[WebServer] {"level":30,"time":1785281137105,"pid":91674,"hostname":"MBP-de-Carlos","name":"worker","event":"generation_dedup_hit","generationId":"01KYNGQMYQYSH5SB4WQRCYR56B","assetId":"01KYNGQMZ9SJTWXE3MCG129BGN","msg":"generación reutilizada de una completed idéntica (0 coste)"}
[WebServer] {"level":30,"time":1785281137160,"pid":91674,"hostname":"MBP-de-Carlos","name":"worker","event":"fal_input_cache_hit","assetId":"01KYNGQMZN31JTQA074XR3N7TA","falUrl":"http://127.0.0.1:53942/fal-cdn/files/fake-input-69","msg":"fal storage cache-hit: input reutilizado sin re-subir"}
[WebServer] {"level":30,"time":1785281137160,"pid":91674,"hostname":"MBP-de-Carlos","name":"worker","event":"fal_input_cache_hit","assetId":"01KYNGQN0X6Z3E2PA224QECRYM","falUrl":"http://127.0.0.1:53942/fal-cdn/files/fake-input-71","msg":"fal storage cache-hit: input reutilizado sin re-subir"}
[WebServer] {"level":30,"time":1785281137163,"pid":91674,"hostname":"MBP-de-Carlos","name":"worker","event":"generation_dedup_hit","generationId":"01KYNGQNM61H2BZCHFRW44D0BV","assetId":"01KYNGQNMQRXR7YXZZ4RP0RWZ2","msg":"generación reutilizada de una completed idéntica (0 coste)"}
[WebServer] {"level":30,"time":1785281137207,"pid":91674,"hostname":"MBP-de-Carlos","name":"worker","event":"fal_input_cache_hit","assetId":"01KYNGP0WF2Z37MZR7G1PKV48R","falUrl":"http://127.0.0.1:53942/fal-cdn/files/fake-input-47","msg":"fal storage cache-hit: input reutilizado sin re-subir"}
[WebServer] {"level":30,"time":1785281137208,"pid":91674,"hostname":"MBP-de-Carlos","name":"worker","event":"fal_input_cache_hit","assetId":"01KYNGQMWATM1RWCXC93BG0QN8","falUrl":"http://127.0.0.1:53942/fal-cdn/files/fake-input-67","msg":"fal storage cache-hit: input reutilizado sin re-subir"}
[WebServer] {"level":30,"time":1785281137210,"pid":91674,"hostname":"MBP-de-Carlos","name":"worker","event":"generation_dedup_hit","generationId":"01KYNGQN5DPGAKX1423HEARQWQ","assetId":"01KYNGQN5ZXYBJKS1EV28WHS8B","msg":"generación reutilizada de una completed idéntica (0 coste)"}
[WebServer] {"level":30,"time":1785281137438,"pid":91674,"hostname":"MBP-de-Carlos","name":"worker","event":"fal_input_cache_hit","assetId":"01KYNGQMZN31JTQA074XR3N7TA","falUrl":"http://127.0.0.1:53942/fal-cdn/files/fake-input-69","msg":"fal storage cache-hit: input reutilizado sin re-subir"}
[WebServer] {"level":30,"time":1785281137438,"pid":91674,"hostname":"MBP-de-Carlos","name":"worker","event":"fal_input_cache_hit","assetId":"01KYNGQN0X6Z3E2PA224QECRYM","falUrl":"http://127.0.0.1:53942/fal-cdn/files/fake-input-71","msg":"fal storage cache-hit: input reutilizado sin re-subir"}
[WebServer] {"level":30,"time":1785281137442,"pid":91674,"hostname":"MBP-de-Carlos","name":"worker","event":"generation_dedup_hit","generationId":"01KYNGQNM61RCWGJC2021PQ0NN","assetId":"01KYNGQNMQFQYX5XEVN8W4KGN2","msg":"generación reutilizada de una completed idéntica (0 coste)"}
  ✓  88 [normal-generation-composes] › e2e/normal-generation-composes.spec.ts:101:3 › T5.8b · el flujo normal (CP3-approve) compone máster y pausa en CP4 › un lote aprobado en CP3 arranca un run que compone máster (N8) y pausa en CP4 (N9 waiting_approval) @f5 @compose (37.8s)
[WebServer] {"level":30,"time":1785281143455,"pid":91663,"hostname":"MBP-de-Carlos","name":"web","request_id":"2f27079d-5add-4252-92f9-05029a78a2c5","step_id":"01KYNGQMBVTREE9A7EJ5FC4SGB","msg":"checkpoint aprobado"}
  ✓  87 [f5-export] › e2e/phases/f5-export.spec.ts:120:3 › F5 · journey de export: lote → generación → CP4 → biblioteca → bundle íntegro › un lote premium compone máster, se aprueba en CP4, aparece en /library y su bundle tiene el checksum del máster compuesto @f5 @phase (38.8s)

  89 passed (2.5m)
